Unity Editor version:    6000.2.7f2 (2b518236b676)
Branch:                  6000.2/respin/6000.2.7f1-2eb0c79396db
Build type:              Release
Batch mode:              YES
macOS version:           Version 26.4.1 (Build 25E253)
Darwin version:          25.4.0
Architecture:            arm64
Running under Rosetta:   NO
Available memory:        8192 MB
Date:                    2026-07-29T02:28:16Z
[Licensing::Module] Trying to connect to existing licensing client channel...
[Licensing::IpcConnector] Successfully connected to: "LicenseClient-d1KRjN3h3ExfT6hDq0aCh" at "2026-07-29T02:28:16.692972Z"

COMMAND LINE ARGUMENTS:
/Applications/Unity/Hub/Editor/6000.2.7f2/Unity.app/Contents/MacOS/Unity
-adb2
-batchMode
-noUpm
-name
AssetImportWorker0
-projectPath
/Users/cuong/Downloads/vscode/dog-game
-logFile
Logs/AssetImportWorker0.log
-srvPort
50397
-licensingIpc
LicenseClient-d1KRjN3h3ExfT6hDq0aCh
-job-worker-count
3
-background-job-worker-count
8
-gc-helper-count
1
-name AssetImport
Successfully changed project path to: /Users/cuong/Downloads/vscode/dog-game
/Users/cuong/Downloads/vscode/dog-game
[UnityMemory] Configuration Parameters - Can be set up in boot.config
    "memorysetup-allocator-temp-initial-block-size-main=262144"
    "memorysetup-allocator-temp-initial-block-size-worker=262144"
    "memorysetup-bucket-allocator-granularity=16"
    "memorysetup-bucket-allocator-bucket-count=8"
    "memorysetup-bucket-allocator-block-size=33554432"
    "memorysetup-bucket-allocator-block-count=8"
    "memorysetup-main-allocator-block-size=16777216"
    "memorysetup-thread-allocator-block-size=16777216"
    "memorysetup-gfx-main-allocator-block-size=16777216"
    "memorysetup-gfx-thread-allocator-block-size=16777216"
    "memorysetup-cache-allocator-block-size=4194304"
    "memorysetup-typetree-allocator-block-size=2097152"
    "memorysetup-profiler-bucket-allocator-granularity=16"
    "memorysetup-profiler-bucket-allocator-bucket-count=8"
    "memorysetup-profiler-bucket-allocator-block-size=33554432"
    "memorysetup-profiler-bucket-allocator-block-count=8"
    "memorysetup-profiler-allocator-block-size=16777216"
    "memorysetup-profiler-editor-allocator-block-size=1048576"
    "memorysetup-temp-allocator-size-main=16777216"
    "memorysetup-job-temp-allocator-block-size=2097152"
    "memorysetup-job-temp-allocator-block-size-background=1048576"
    "memorysetup-job-temp-allocator-reduction-small-platforms=262144"
    "memorysetup-temp-allocator-size-background-worker=32768"
    "memorysetup-temp-allocator-size-job-worker=262144"
    "memorysetup-temp-allocator-size-preload-manager=33554432"
    "memorysetup-temp-allocator-size-nav-mesh-worker=65536"
    "memorysetup-temp-allocator-size-audio-worker=65536"
    "memorysetup-temp-allocator-size-cloud-worker=32768"
    "memorysetup-temp-allocator-size-gi-baking-worker=262144"
    "memorysetup-temp-allocator-size-gi-baking-worker=262144"
    "memorysetup-temp-allocator-size-gi-baking-worker=262144"
    "memorysetup-temp-allocator-size-gi-baking-worker=262144"
    "memorysetup-temp-allocator-size-gi-baking-worker=262144"
    "memorysetup-temp-allocator-size-gfx=262144"
Player connection [8321505472]  Target information:

Player connection [8321505472]  * "[IP] 192.168.1.6 [Port] 0 [Flags] 2 [Guid] 3153588887 [EditorId] 3153588887 [Version] 1048832 [Id] OSXEditor(0,Living-in-2077.local) [Debug] 1 [PackageName] OSXEditor [ProjectName] Editor" 

Player connection [8321505472] Host joined multi-casting on [225.0.0.222:54997]...
Player connection [8321505472] Host joined alternative multi-casting on [225.0.0.222:34997]...
JobSystem: Creating JobQueue using job-worker-count value 3
Input System module state changed to: Initialized.
[Physics::Module] Initialized fallback backend.
[Physics::Module] Id: 0xdecafbad
Library Redirect Path: Library/
[Physics::Module] Selected backend.
[Physics::Module] Name: PhysX
[Physics::Module] Id: 0xf2b8ea05
[Physics::Module] SDK Version: 4.1.2
[Physics::Module] Integration Version: 1.0.0
[Physics::Module] Threading Mode: Multi-Threaded
Refreshing native plugins compatible for Editor in 9.44 ms, found 2 plugins.
Preloading 0 native plugins for Editor in 0.00 ms.
Initialize engine version: 6000.2.7f2 (2b518236b676)
[Subsystems] Discovering subsystems at path /Applications/Unity/Hub/Editor/6000.2.7f2/Unity.app/Contents/Resources/UnitySubsystems
[Subsystems] Discovering subsystems at path /Users/cuong/Downloads/vscode/dog-game/Assets
GfxDevice: creating device client; kGfxThreadingModeNonThreaded
 preferred device: Apple M1 (high power)
Metal devices available: 1
0: Apple M1 (high power)
Using device Apple M1 (high power)
Initializing Metal device caps: Apple M1
Mac GPU Family: 2
Apple GPU Family: 7
MSL Version: 3.0
Has Float MSAA: 1
Has Float Filtering: 1
ReadWrite Texture Tier: 2
[Licensing::Client] Code 10 while verifying Licensing Client signature (process Id: 38275, path: "/Applications/Unity Hub.app/Contents/Frameworks/UnityLicensingClient_V1.app/Contents/MacOS/Unity.Licensing.Client")
[Licensing::Module] LicensingClient has failed validation; ignoring
[Licensing::Client] Handshaking with LicensingClient:
  Version:                 1.17.4+4293ba1
  Session Id:              b21f9906f9814458b93ec473c3d5cb38
  Correlation Id:          d257c72f34ac972ea6874af682673ec8
  External correlation Id: 2446757524814709513
  Machine Id:              auvhoQpE5HWwgkEVdanVdR1i5Co=
[Licensing::Module] Successfully connected to LicensingClient on channel: "LicenseClient-d1KRjN3h3ExfT6hDq0aCh" (connect: 0.00s, validation: 0.01s, handshake: 0.52s)
[Licensing::IpcConnector] Successfully connected to: "LicenseClient-d1KRjN3h3ExfT6hDq0aCh-notifications" at "2026-07-29T02:28:17.224669Z"
[Licensing::Module] Licensing Background thread has ended after 0.53s
Initialize mono
Mono path[0] = '/Applications/Unity/Hub/Editor/6000.2.7f2/Unity.app/Contents/Managed'
Mono path[1] = '/Applications/Unity/Hub/Editor/6000.2.7f2/Unity.app/Contents/MonoBleedingEdge/lib/mono/unityjit-macos'
Mono config path = '/Applications/Unity/Hub/Editor/6000.2.7f2/Unity.app/Contents/MonoBleedingEdge/etc'
Using monoOptions --debugger-agent=transport=dt_socket,embedding=1,server=y,suspend=n,address=127.0.0.1:56434
Begin MonoManager ReloadAssembly
Registering precompiled unity dll's ...
Register platform support module: /Applications/Unity/Hub/Editor/6000.2.7f2/Unity.app/Contents/PlaybackEngines/MacStandaloneSupport/UnityEditor.OSXStandalone.Extensions.dll
Registered in 0.000813 seconds.
- Loaded All Assemblies, in  0.305 seconds
Native extension for OSXStandalone target not found
Mono: successfully reloaded assembly
- Finished resetting the current domain, in  0.268 seconds
Domain Reload Profiling: 573ms
	BeginReloadAssembly (112ms)
		ExecutionOrderSort (0ms)
		DisableScriptedObjects (0ms)
		BackupInstance (0ms)
		ReleaseScriptingObjects (0ms)
		CreateAndSetChildDomain (1ms)
	RebuildCommonClasses (29ms)
	RebuildNativeTypeToScriptingClass (10ms)
	initialDomainReloadingComplete (31ms)
	LoadAllAssembliesAndSetupDomain (122ms)
		LoadAssemblies (111ms)
		RebuildTransferFunctionScriptingTraits (0ms)
		AnalyzeDomain (119ms)
			TypeCache.Refresh (117ms)
				TypeCache.ScanAssembly (103ms)
			BuildScriptInfoCaches (0ms)
			ResolveRequiredComponents (1ms)
	FinalizeReload (268ms)
		ReleaseScriptCaches (0ms)
		RebuildScriptCaches (0ms)
		SetupLoadedEditorAssemblies (220ms)
			LogAssemblyErrors (0ms)
			InitializePlatformSupportModulesInManaged (32ms)
			SetLoadedEditorAssemblies (4ms)
			BeforeProcessingInitializeOnLoad (50ms)
			ProcessInitializeOnLoadAttributes (90ms)
			ProcessInitializeOnLoadMethodAttributes (44ms)
			AfterProcessingInitializeOnLoad (0ms)
			EditorAssembliesLoaded (0ms)
		ExecutionOrderSort2 (0ms)
		AwakeInstancesAfterBackupRestoration (0ms)
Assembly reference Packages/com.unity.cinemachine/Editor/Samples/ExposeHDRPInternals/HDRP-Editor-ref.asmref has no target assembly definition
========================================================================
Worker process is ready to serve import requests
Import Worker Mode flag is 0x00
Assembly reference Packages/com.unity.cinemachine/Editor/Samples/ExposeHDRPInternals/HDRP-Editor-ref.asmref has no target assembly definition
Assembly reference Packages/com.unity.cinemachine/Editor/Samples/ExposeHDRPInternals/HDRP-Editor-ref.asmref has no target assembly definition
Begin MonoManager ReloadAssembly
[Licensing::Client] Successfully resolved entitlement details
[Licensing::Module] License group:
  Id: 18967588135516-UnityPersXXXX
  Product: Unity Personal
  Type: Assigned
  Expiration: Unlimited
Symbol file LoadedFromMemory is not a mono symbol file
- Loaded All Assemblies, in  0.679 seconds
Assembly reference Packages/com.unity.cinemachine/Editor/Samples/ExposeHDRPInternals/HDRP-Editor-ref.asmref has no target assembly definition
'Packages/com.unity.cinemachine/Editor/Obsolete/CinemachineVirtualCameraBaseEditor.cs' contains partial class of Unity.Object, exactly 1 of the partial classes needs to be in a file with the same filename. This is to know the one that can be referenced from ie. GameObjects
'Packages/com.unity.cinemachine/Editor/Editors/CinemachineVirtualCameraBaseEditor.cs' contains partial class of Unity.Object, exactly 1 of the partial classes needs to be in a file with the same filename. This is to know the one that can be referenced from ie. GameObjects
Refreshing native plugins compatible for Editor in 2.27 ms, found 2 plugins.
Native extension for OSXStandalone target not found
Assembly reference Packages/com.unity.cinemachine/Editor/Samples/ExposeHDRPInternals/HDRP-Editor-ref.asmref has no target assembly definition
Package Manager log level set to [2]
[Package Manager] Failed to launch server process. Reason: Unity was launched with the -noUpm command-line argument
[Package Manager] Unable to send message (not connected to server process).
[Package Manager] Cannot connect to Unity Package Manager local server
[Package Manager] Failed to launch server process. Reason: Unity was launched with the -noUpm command-line argument
[Package Manager] Unable to send message (not connected to server process).
[Package Manager] Cannot connect to Unity Package Manager local server
[Package Manager] Failed to launch server process. Reason: Unity was launched with the -noUpm command-line argument
[Package Manager] Unable to send message (not connected to server process).
[Package Manager] Cannot connect to Unity Package Manager local server
Refreshing native plugins compatible for Editor in 0.92 ms, found 2 plugins.
Mono: successfully reloaded assembly
- Finished resetting the current domain, in  0.912 seconds
Domain Reload Profiling: 1585ms
	BeginReloadAssembly (84ms)
		ExecutionOrderSort (0ms)
		DisableScriptedObjects (4ms)
		BackupInstance (0ms)
		ReleaseScriptingObjects (0ms)
		CreateAndSetChildDomain (14ms)
	RebuildCommonClasses (29ms)
	RebuildNativeTypeToScriptingClass (10ms)
	initialDomainReloadingComplete (39ms)
	LoadAllAssembliesAndSetupDomain (512ms)
		LoadAssemblies (291ms)
		RebuildTransferFunctionScriptingTraits (0ms)
		AnalyzeDomain (259ms)
			TypeCache.Refresh (201ms)
				TypeCache.ScanAssembly (183ms)
			BuildScriptInfoCaches (46ms)
			ResolveRequiredComponents (9ms)
	FinalizeReload (912ms)
		ReleaseScriptCaches (0ms)
		RebuildScriptCaches (0ms)
		SetupLoadedEditorAssemblies (673ms)
			LogAssemblyErrors (0ms)
			InitializePlatformSupportModulesInManaged (1ms)
			SetLoadedEditorAssemblies (4ms)
			BeforeProcessingInitializeOnLoad (106ms)
			ProcessInitializeOnLoadAttributes (274ms)
			ProcessInitializeOnLoadMethodAttributes (286ms)
			AfterProcessingInitializeOnLoad (1ms)
			EditorAssembliesLoaded (0ms)
		ExecutionOrderSort2 (0ms)
		AwakeInstancesAfterBackupRestoration (2ms)
WARNING: Shader Unsupported: 'Universal Render Pipeline/VR/SpatialMapping/Wireframe' - All subshaders removed
WARNING: Shader Did you use #pragma only_renderers and omit this platform?
WARNING: Shader If subshaders removal was intentional, you may have forgotten turning Fallback off?
WARNING: Shader Unsupported: 'Universal Render Pipeline/VR/SpatialMapping/Wireframe' - All subshaders removed
WARNING: Shader Did you use #pragma only_renderers and omit this platform?
WARNING: Shader If subshaders removal was intentional, you may have forgotten turning Fallback off?
Launching external process: /Applications/Unity/Hub/Editor/6000.2.7f2/Unity.app/Contents/Tools/UnityShaderCompiler
Launched and connected shader compiler UnityShaderCompiler after 0.22 seconds
Refreshing native plugins compatible for Editor in 0.89 ms, found 2 plugins.
Preloading 0 native plugins for Editor in 0.00 ms.
Unloading 28 Unused Serialized files (Serialized files now loaded: 0)
Unloading 9453 unused Assets / (8.6 MB). Loaded Objects now: 10206.
Memory consumption went from 188.1 MB to 179.5 MB.
Total: 12.473584 ms (FindLiveObjects: 0.646792 ms CreateObjectMapping: 0.351125 ms MarkObjects: 7.056917 ms  DeleteObjects: 4.418292 ms)

========================================================================
Received Import Request.
  Time since last request: 429305.629291 seconds.
  path: Assets/RPGPP_LT/Prefabs/Exterior/Wood_path/rpgpp_lt_wood_path_01a.prefab
  artifactKey: Guid(c96016c34e7be62488e588470988ef5b) Importer(815301076,1909f56bfc062723c751e8b465ee728b)
Start importing Assets/RPGPP_LT/Prefabs/Exterior/Wood_path/rpgpp_lt_wood_path_01a.prefab using Guid(c96016c34e7be62488e588470988ef5b) Importer(815301076,1909f56bfc062723c751e8b465ee728b) (PreviewImporter) -> (artifact id: 'aa24b0f0b5eeab18177e7fa3da1f2471') in 0.376391458 seconds
Number of updated asset objects reloaded before import = 0Number of asset objects unloaded after import = 9

========================================================================
Received Import Request.
  Time since last request: 0.000050 seconds.
  path: Assets/Fantastic City Generator/Objects/StreetLight/FBX/SquareLight.fbx
  artifactKey: Guid(98d50f5e4905f61459ca413da774e940) Importer(815301076,1909f56bfc062723c751e8b465ee728b)
Start importing Assets/Fantastic City Generator/Objects/StreetLight/FBX/SquareLight.fbx using Guid(98d50f5e4905f61459ca413da774e940) Importer(815301076,1909f56bfc062723c751e8b465ee728b) (PreviewImporter) -> (artifact id: '65f08f3e2a2df8c05ac80b0eb71bcbe3') in 0.058021292 seconds
Number of updated asset objects reloaded before import = 0Number of asset objects unloaded after import = 9

========================================================================
Received Import Request.
  Time since last request: 0.000062 seconds.
  path: Assets/AssetMap/FBX (Unity)/Sidewalk_Straight_3m.fbx
  artifactKey: Guid(3b75b5a95e5543f42aa6aafd2d1ab78a) Importer(815301076,1909f56bfc062723c751e8b465ee728b)
Start importing Assets/AssetMap/FBX (Unity)/Sidewalk_Straight_3m.fbx using Guid(3b75b5a95e5543f42aa6aafd2d1ab78a) Importer(815301076,1909f56bfc062723c751e8b465ee728b) (PreviewImporter) -> (artifact id: '06d6696a4dd5304fe5b0390444bc3de5') in 0.031133875 seconds
Number of updated asset objects reloaded before import = 0Number of asset objects unloaded after import = 8

========================================================================
Received Import Request.
  Time since last request: 0.000049 seconds.
  path: Assets/StudioBillion/House Interior/Prefabs/Sofa2.prefab
  artifactKey: Guid(c66afc54088bd0247a66d7e34a36c4e7) Importer(815301076,1909f56bfc062723c751e8b465ee728b)
Start importing Assets/StudioBillion/House Interior/Prefabs/Sofa2.prefab using Guid(c66afc54088bd0247a66d7e34a36c4e7) Importer(815301076,1909f56bfc062723c751e8b465ee728b) (PreviewImporter) -> (artifact id: '3ed51e1fa1859bb2f48dd324c2ff65c6') in 0.0176815 seconds
Number of updated asset objects reloaded before import = 0Number of asset objects unloaded after import = 10

========================================================================
Received Import Request.
  Time since last request: 0.000047 seconds.
  path: Assets/Fantastic City Generator/Objects/Others/Prefab/Trash-02a.prefab
  artifactKey: Guid(7b9f86581722f524f8d697b0565d5e80) Importer(815301076,1909f56bfc062723c751e8b465ee728b)
Start importing Assets/Fantastic City Generator/Objects/Others/Prefab/Trash-02a.prefab using Guid(7b9f86581722f524f8d697b0565d5e80) Importer(815301076,1909f56bfc062723c751e8b465ee728b) (PreviewImporter) -> (artifact id: 'e5bbe22ee1bafe42ea9ac50aaf5edc4d') in 0.04754475 seconds
Number of updated asset objects reloaded before import = 0Number of asset objects unloaded after import = 14

========================================================================
Received Import Request.
  Time since last request: 0.000060 seconds.
  path: Assets/StudioBillion/House Interior/Prefabs/Sink.prefab
  artifactKey: Guid(2b53442aaa1f7eb4ba66dfaf7f38a0b4) Importer(815301076,1909f56bfc062723c751e8b465ee728b)
Start importing Assets/StudioBillion/House Interior/Prefabs/Sink.prefab using Guid(2b53442aaa1f7eb4ba66dfaf7f38a0b4) Importer(815301076,1909f56bfc062723c751e8b465ee728b) (PreviewImporter) -> (artifact id: '582ecf0894fca4c36d61a2e5b356098e') in 0.015621625 seconds
Number of updated asset objects reloaded before import = 0Number of asset objects unloaded after import = 11

========================================================================
Received Import Request.
  Time since last request: 0.000054 seconds.
  path: Assets/AssetMap/City Pack/Traffic Light/TrafficLight_2.fbx
  artifactKey: Guid(89f24486201f0ea4cae38ab2c8b783ad) Importer(815301076,1909f56bfc062723c751e8b465ee728b)
Start importing Assets/AssetMap/City Pack/Traffic Light/TrafficLight_2.fbx using Guid(89f24486201f0ea4cae38ab2c8b783ad) Importer(815301076,1909f56bfc062723c751e8b465ee728b) (PreviewImporter) -> (artifact id: 'bf7e469fbf3ca82ca78ed193e269ec9a') in 0.014324458 seconds
Number of updated asset objects reloaded before import = 0Number of asset objects unloaded after import = 8

========================================================================
Received Import Request.
  Time since last request: 0.000049 seconds.
  path: Assets/Fantastic City Generator/Traffic System/Traffic System.prefab
  artifactKey: Guid(a8566725e98545841a4f4fa06a6f20f8) Importer(815301076,1909f56bfc062723c751e8b465ee728b)
Start importing Assets/Fantastic City Generator/Traffic System/Traffic System.prefab using Guid(a8566725e98545841a4f4fa06a6f20f8) Importer(815301076,1909f56bfc062723c751e8b465ee728b) (PreviewImporter) -> (artifact id: '789cd2c8426308109b3eb79002a24643') in 0.020295458 seconds
Number of updated asset objects reloaded before import = 0Number of asset objects unloaded after import = 805

========================================================================
Received Import Request.
  Time since last request: 0.000069 seconds.
  path: Assets/Fantastic City Generator/Objects/Others/FBX/Trash-02d.fbx
  artifactKey: Guid(fb96767b7138d5840ac7f13fb8cd8143) Importer(815301076,1909f56bfc062723c751e8b465ee728b)
Start importing Assets/Fantastic City Generator/Objects/Others/FBX/Trash-02d.fbx using Guid(fb96767b7138d5840ac7f13fb8cd8143) Importer(815301076,1909f56bfc062723c751e8b465ee728b) (PreviewImporter) -> (artifact id: 'c5cc8d9664e938cb2facb6a6a1199758') in 0.026190625 seconds
Number of updated asset objects reloaded before import = 0Number of asset objects unloaded after import = 13

========================================================================
Received Import Request.
  Time since last request: 0.000068 seconds.
  path: Assets/AssetMap/FBX (Unity)/Stairs_Entrance_Concrete.fbx
  artifactKey: Guid(39eb232509a867d418b351c65aad6c44) Importer(815301076,1909f56bfc062723c751e8b465ee728b)
Start importing Assets/AssetMap/FBX (Unity)/Stairs_Entrance_Concrete.fbx using Guid(39eb232509a867d418b351c65aad6c44) Importer(815301076,1909f56bfc062723c751e8b465ee728b) (PreviewImporter) -> (artifact id: 'a5f9bf2fd72a105ee850695e4e4e66e6') in 0.053943583 seconds
Number of updated asset objects reloaded before import = 0Number of asset objects unloaded after import = 9

========================================================================
Received Import Request.
  Time since last request: 0.000072 seconds.
  path: Assets/RPGPP_LT/Prefabs/Props/Misc/rpgpp_lt_well_01.prefab
  artifactKey: Guid(4500da6a464da55408dd1ff2324163a7) Importer(815301076,1909f56bfc062723c751e8b465ee728b)
Start importing Assets/RPGPP_LT/Prefabs/Props/Misc/rpgpp_lt_well_01.prefab using Guid(4500da6a464da55408dd1ff2324163a7) Importer(815301076,1909f56bfc062723c751e8b465ee728b) (PreviewImporter) -> (artifact id: 'f47334ab035c05eb5e69bf89e7c641fa') in 0.006822084 seconds
Number of updated asset objects reloaded before import = 0Number of asset objects unloaded after import = 9

========================================================================
Received Import Request.
  Time since last request: 0.000141 seconds.
  path: Assets/StarterAssets/ThirdPersonController/Character/Animations/Stand--Idle.anim.fbx
  artifactKey: Guid(12e52e465ed793a4d801955e9f964a82) Importer(815301076,1909f56bfc062723c751e8b465ee728b)
Start importing Assets/StarterAssets/ThirdPersonController/Character/Animations/Stand--Idle.anim.fbx using Guid(12e52e465ed793a4d801955e9f964a82) Importer(815301076,1909f56bfc062723c751e8b465ee728b) (PreviewImporter) -> (artifact id: 'd6946c517033388d6206d77e49c76b5f') in 0.007676916 seconds
Number of updated asset objects reloaded before import = 0Number of asset objects unloaded after import = 143

========================================================================
Received Import Request.
  Time since last request: 0.000058 seconds.
  path: Assets/RPGPP_LT/Prefabs/Props/Misc/rpgpp_lt_wagon_01.prefab
  artifactKey: Guid(87d1d734739f10440b2bdbb449c09a9e) Importer(815301076,1909f56bfc062723c751e8b465ee728b)
Start importing Assets/RPGPP_LT/Prefabs/Props/Misc/rpgpp_lt_wagon_01.prefab using Guid(87d1d734739f10440b2bdbb449c09a9e) Importer(815301076,1909f56bfc062723c751e8b465ee728b) (PreviewImporter) -> (artifact id: 'ccf423f6844aff3971aefc742a7d9996') in 0.012380041 seconds
Number of updated asset objects reloaded before import = 0Number of asset objects unloaded after import = 9

========================================================================
Received Import Request.
  Time since last request: 0.000060 seconds.
  path: Assets/Fantastic City Generator/Objects/Others/FBX/Trash-02c.fbx
  artifactKey: Guid(459e866f1612f8f40a74541f936dd2a6) Importer(815301076,1909f56bfc062723c751e8b465ee728b)
Start importing Assets/Fantastic City Generator/Objects/Others/FBX/Trash-02c.fbx using Guid(459e866f1612f8f40a74541f936dd2a6) Importer(815301076,1909f56bfc062723c751e8b465ee728b) (PreviewImporter) -> (artifact id: '2ba8390b0a15de52f5d7f4b3f6fe8ea4') in 0.024022416 seconds
Number of updated asset objects reloaded before import = 0Number of asset objects unloaded after import = 13

========================================================================
Received Import Request.
  Time since last request: 0.000099 seconds.
  path: Assets/Fantastic City Generator/Objects/Others/FBX/Trash-02a.fbx
  artifactKey: Guid(387de2032f1ee1f44961d2451e8bd4bc) Importer(815301076,1909f56bfc062723c751e8b465ee728b)
Start importing Assets/Fantastic City Generator/Objects/Others/FBX/Trash-02a.fbx using Guid(387de2032f1ee1f44961d2451e8bd4bc) Importer(815301076,1909f56bfc062723c751e8b465ee728b) (PreviewImporter) -> (artifact id: '25475f686159af1246f9c392ca133504') in 0.045631167 seconds
Number of updated asset objects reloaded before import = 0Number of asset objects unloaded after import = 13

========================================================================
Received Import Request.
  Time since last request: 0.000063 seconds.
  path: Assets/AssetMap/FBX (Unity)/Sidewalk_Planter.fbx
  artifactKey: Guid(1665831bc5160c84abbdd3f732817ec0) Importer(815301076,1909f56bfc062723c751e8b465ee728b)
Start importing Assets/AssetMap/FBX (Unity)/Sidewalk_Planter.fbx using Guid(1665831bc5160c84abbdd3f732817ec0) Importer(815301076,1909f56bfc062723c751e8b465ee728b) (PreviewImporter) -> (artifact id: '1fa34874906e2522ee86b5361ef496de') in 0.023095834 seconds
Number of updated asset objects reloaded before import = 0Number of asset objects unloaded after import = 9

========================================================================
Received Import Request.
  Time since last request: 0.000093 seconds.
  path: Assets/Fantastic City Generator/Traffic_Light/FBX/Traffic_Light.fbx
  artifactKey: Guid(b447496beaa49d94da96aaad369ad4b3) Importer(815301076,1909f56bfc062723c751e8b465ee728b)
Start importing Assets/Fantastic City Generator/Traffic_Light/FBX/Traffic_Light.fbx using Guid(b447496beaa49d94da96aaad369ad4b3) Importer(815301076,1909f56bfc062723c751e8b465ee728b) (PreviewImporter) -> (artifact id: 'e94a60fe4116e72814ca56534f0c95b7') in 0.167649125 seconds
Number of updated asset objects reloaded before import = 0Number of asset objects unloaded after import = 68

========================================================================
Received Import Request.
  Time since last request: 0.000115 seconds.
  path: Assets/Fantastic City Generator/Objects/Signs/FBX/Signal-01.fbx
  artifactKey: Guid(b95a3a0c1c1f89d42b81cd82795a6c99) Importer(815301076,1909f56bfc062723c751e8b465ee728b)
Start importing Assets/Fantastic City Generator/Objects/Signs/FBX/Signal-01.fbx using Guid(b95a3a0c1c1f89d42b81cd82795a6c99) Importer(815301076,1909f56bfc062723c751e8b465ee728b) (PreviewImporter) -> (artifact id: 'c3a2481a36a4131328002d59809fcbc8') in 0.04298575 seconds
Number of updated asset objects reloaded before import = 0Number of asset objects unloaded after import = 11

========================================================================
Received Import Request.
  Time since last request: 0.000060 seconds.
  path: Assets/Fantastic City Generator/Traffic_Light/New Prefabs/TrafficLight T.prefab
  artifactKey: Guid(6de0e0f9a2eea2c4eaf0e1da4b9eeb7a) Importer(815301076,1909f56bfc062723c751e8b465ee728b)
Start importing Assets/Fantastic City Generator/Traffic_Light/New Prefabs/TrafficLight T.prefab using Guid(6de0e0f9a2eea2c4eaf0e1da4b9eeb7a) Importer(815301076,1909f56bfc062723c751e8b465ee728b) (PreviewImporter) -> (artifact id: '33c7a943c00f60e2b15841fc57dfd38b') in 0.019601958 seconds
Number of updated asset objects reloaded before import = 0Number of asset objects unloaded after import = 1029

========================================================================
Received Import Request.
  Time since last request: 0.000060 seconds.
  path: Assets/Fantastic City Generator/Objects/Others/FBX/Trash-01.fbx
  artifactKey: Guid(361fffd8419100d4ebcf1f0edb9b3a2d) Importer(815301076,1909f56bfc062723c751e8b465ee728b)
Start importing Assets/Fantastic City Generator/Objects/Others/FBX/Trash-01.fbx using Guid(361fffd8419100d4ebcf1f0edb9b3a2d) Importer(815301076,1909f56bfc062723c751e8b465ee728b) (PreviewImporter) -> (artifact id: '1c2078b06b568f666d333e1f7b4fccb8') in 0.044918792 seconds
Number of updated asset objects reloaded before import = 0Number of asset objects unloaded after import = 13

========================================================================
Received Import Request.
  Time since last request: 0.000066 seconds.
  path: Assets/Fantastic City Generator/Objects/Others/Prefab/Trash-02b.prefab
  artifactKey: Guid(cfd1174d6b2b69f4d9bfc24485b421ef) Importer(815301076,1909f56bfc062723c751e8b465ee728b)
Start importing Assets/Fantastic City Generator/Objects/Others/Prefab/Trash-02b.prefab using Guid(cfd1174d6b2b69f4d9bfc24485b421ef) Importer(815301076,1909f56bfc062723c751e8b465ee728b) (PreviewImporter) -> (artifact id: '860ee9e3bd8bddaa565a9eaf1058191d') in 0.025296458 seconds
Number of updated asset objects reloaded before import = 0Number of asset objects unloaded after import = 14

========================================================================
Received Import Request.
  Time since last request: 0.000088 seconds.
  path: Assets/Fantastic City Generator/Traffic_Light/New Prefabs/TLight T - S2.prefab
  artifactKey: Guid(65abc162bec0a7945b25f9ff1641692b) Importer(815301076,1909f56bfc062723c751e8b465ee728b)
Start importing Assets/Fantastic City Generator/Traffic_Light/New Prefabs/TLight T - S2.prefab using Guid(65abc162bec0a7945b25f9ff1641692b) Importer(815301076,1909f56bfc062723c751e8b465ee728b) (PreviewImporter) -> (artifact id: 'bd9b0d6ff04005c4a6a755ee88f3ce49') in 0.023707167 seconds
Number of updated asset objects reloaded before import = 0Number of asset objects unloaded after import = 1029

========================================================================
Received Import Request.
  Time since last request: 0.000064 seconds.
  path: Assets/StudioBillion/House Interior/Prefabs/Towel.prefab
  artifactKey: Guid(10a6bc1f9fa8e1545a0996baaa9c5040) Importer(815301076,1909f56bfc062723c751e8b465ee728b)
Start importing Assets/StudioBillion/House Interior/Prefabs/Towel.prefab using Guid(10a6bc1f9fa8e1545a0996baaa9c5040) Importer(815301076,1909f56bfc062723c751e8b465ee728b) (PreviewImporter) -> (artifact id: '369d7c77c396f97a4f0ddbd26033ab54') in 0.011456042 seconds
Number of updated asset objects reloaded before import = 0Number of asset objects unloaded after import = 10

========================================================================
Received Import Request.
  Time since last request: 0.000064 seconds.
  path: Assets/AssetMap/FBX (Unity)/Stairs_Rails_Metal_Straight_2.fbx
  artifactKey: Guid(3978546546a1a6b4ca31aed45fae2704) Importer(815301076,1909f56bfc062723c751e8b465ee728b)
Start importing Assets/AssetMap/FBX (Unity)/Stairs_Rails_Metal_Straight_2.fbx using Guid(3978546546a1a6b4ca31aed45fae2704) Importer(815301076,1909f56bfc062723c751e8b465ee728b) (PreviewImporter) -> (artifact id: '51c721cd4ec912212439f538866ad01f') in 0.015325916 seconds
Number of updated asset objects reloaded before import = 0Number of asset objects unloaded after import = 8

========================================================================
Received Import Request.
  Time since last request: 0.000075 seconds.
  path: Assets/Fantastic City Generator/Traffic System/Vehicles/Prefabs/Soul.prefab
  artifactKey: Guid(a2afe73f0688fad4db6ac9eaab141489) Importer(815301076,1909f56bfc062723c751e8b465ee728b)
Start importing Assets/Fantastic City Generator/Traffic System/Vehicles/Prefabs/Soul.prefab using Guid(a2afe73f0688fad4db6ac9eaab141489) Importer(815301076,1909f56bfc062723c751e8b465ee728b) (PreviewImporter) -> (artifact id: 'b65485ee402742693e6d731c1320a9c9') in 0.030926583 seconds
Number of updated asset objects reloaded before import = 0Number of asset objects unloaded after import = 61

========================================================================
Received Import Request.
  Time since last request: 0.000062 seconds.
  path: Assets/StudioBillion/House Interior/Prefabs/Sofa.prefab
  artifactKey: Guid(7eb8f0ed299d70f429df582be35b81e5) Importer(815301076,1909f56bfc062723c751e8b465ee728b)
Start importing Assets/StudioBillion/House Interior/Prefabs/Sofa.prefab using Guid(7eb8f0ed299d70f429df582be35b81e5) Importer(815301076,1909f56bfc062723c751e8b465ee728b) (PreviewImporter) -> (artifact id: 'aab178daf7f643d9df10f471200eb23d') in 0.006603042 seconds
Number of updated asset objects reloaded before import = 0Number of asset objects unloaded after import = 10

========================================================================
Received Import Request.
  Time since last request: 0.000048 seconds.
  path: Assets/Fantastic City Generator/Objects/Others/FBX/Trash-02b.fbx
  artifactKey: Guid(6ad1eafba8c83844581d8c067c4638e1) Importer(815301076,1909f56bfc062723c751e8b465ee728b)
Start importing Assets/Fantastic City Generator/Objects/Others/FBX/Trash-02b.fbx using Guid(6ad1eafba8c83844581d8c067c4638e1) Importer(815301076,1909f56bfc062723c751e8b465ee728b) (PreviewImporter) -> (artifact id: '9d268f878af0d0d753c677aa65200254') in 0.025403459 seconds
Number of updated asset objects reloaded before import = 0Number of asset objects unloaded after import = 13

========================================================================
Received Import Request.
  Time since last request: 0.000057 seconds.
  path: Assets/Fantastic City Generator/Traffic System/Vehicles/FBX/Soul.fbx
  artifactKey: Guid(c2b1bafd07e77b74db1ed4246cf7b10e) Importer(815301076,1909f56bfc062723c751e8b465ee728b)
Start importing Assets/Fantastic City Generator/Traffic System/Vehicles/FBX/Soul.fbx using Guid(c2b1bafd07e77b74db1ed4246cf7b10e) Importer(815301076,1909f56bfc062723c751e8b465ee728b) (PreviewImporter) -> (artifact id: 'eb5271db9fa9ff02927ce03e801b85c7') in 0.062960375 seconds
Number of updated asset objects reloaded before import = 0Number of asset objects unloaded after import = 40

========================================================================
Received Import Request.
  Time since last request: 0.000094 seconds.
  path: Assets/AssetMap/FBX (Unity)/Stairs_Rails_Metal.fbx
  artifactKey: Guid(9d2a5fad0464a0e42b26f64a18d06488) Importer(815301076,1909f56bfc062723c751e8b465ee728b)
Start importing Assets/AssetMap/FBX (Unity)/Stairs_Rails_Metal.fbx using Guid(9d2a5fad0464a0e42b26f64a18d06488) Importer(815301076,1909f56bfc062723c751e8b465ee728b) (PreviewImporter) -> (artifact id: 'f20dbdc63606eea9e80e634165dedf03') in 0.032976 seconds
Number of updated asset objects reloaded before import = 0Number of asset objects unloaded after import = 8

========================================================================
Received Import Request.
  Time since last request: 0.000075 seconds.
  path: Assets/Fantastic City Generator/Objects/Others/Prefab/Trash-02c.prefab
  artifactKey: Guid(9c8596fa697b208488c89a05853df681) Importer(815301076,1909f56bfc062723c751e8b465ee728b)
Start importing Assets/Fantastic City Generator/Objects/Others/Prefab/Trash-02c.prefab using Guid(9c8596fa697b208488c89a05853df681) Importer(815301076,1909f56bfc062723c751e8b465ee728b) (PreviewImporter) -> (artifact id: 'ba6dbe1205f2aca0b2a154585b6c7b4e') in 0.033719125 seconds
Number of updated asset objects reloaded before import = 0Number of asset objects unloaded after import = 14

========================================================================
Received Import Request.
  Time since last request: 0.000068 seconds.
  path: Assets/AssetMap/FBX (Unity)/Stairs_Rails_Metal_Straight_1.fbx
  artifactKey: Guid(8e0199553a4fbd24387aea47786c71d7) Importer(815301076,1909f56bfc062723c751e8b465ee728b)
Start importing Assets/AssetMap/FBX (Unity)/Stairs_Rails_Metal_Straight_1.fbx using Guid(8e0199553a4fbd24387aea47786c71d7) Importer(815301076,1909f56bfc062723c751e8b465ee728b) (PreviewImporter) -> (artifact id: 'a07d45b1ba01014c618f57eb78f48eb6') in 0.014316833 seconds
Number of updated asset objects reloaded before import = 0Number of asset objects unloaded after import = 8

========================================================================
Received Import Request.
  Time since last request: 0.000057 seconds.
  path: Assets/Fantastic City Generator/Traffic System/Vehicles/Parked Prefabs/Soul.prefab
  artifactKey: Guid(ac98564da63d5c84787d2ab9163a607b) Importer(815301076,1909f56bfc062723c751e8b465ee728b)
Start importing Assets/Fantastic City Generator/Traffic System/Vehicles/Parked Prefabs/Soul.prefab using Guid(ac98564da63d5c84787d2ab9163a607b) Importer(815301076,1909f56bfc062723c751e8b465ee728b) (PreviewImporter) -> (artifact id: 'af42d386d8fb2e6f74ecf73c08351ca7') in 0.0138165 seconds
Number of updated asset objects reloaded before import = 0Number of asset objects unloaded after import = 41

========================================================================
Received Import Request.
  Time since last request: 0.000059 seconds.
  path: Assets/Fantastic City Generator/Traffic_Light/New Prefabs/TLight T - S1.prefab
  artifactKey: Guid(913921dfc21e6a145b49b6a77d6d39ea) Importer(815301076,1909f56bfc062723c751e8b465ee728b)
Start importing Assets/Fantastic City Generator/Traffic_Light/New Prefabs/TLight T - S1.prefab using Guid(913921dfc21e6a145b49b6a77d6d39ea) Importer(815301076,1909f56bfc062723c751e8b465ee728b) (PreviewImporter) -> (artifact id: '0b67cb51ccb8e85ac4de4ca6860e4f3d') in 0.0267815 seconds
Number of updated asset objects reloaded before import = 0Number of asset objects unloaded after import = 1029

========================================================================
Received Import Request.
  Time since last request: 0.000048 seconds.
  path: Assets/RPGPP_LT/Prefabs/Exterior/Wood_path/rpgpp_lt_wood_path_01b.prefab
  artifactKey: Guid(0ba258545da721e488ecb71ffd143b6f) Importer(815301076,1909f56bfc062723c751e8b465ee728b)
Start importing Assets/RPGPP_LT/Prefabs/Exterior/Wood_path/rpgpp_lt_wood_path_01b.prefab using Guid(0ba258545da721e488ecb71ffd143b6f) Importer(815301076,1909f56bfc062723c751e8b465ee728b) (PreviewImporter) -> (artifact id: '533510601e1c736c3b29c703b6a20668') in 0.006769791 seconds
Number of updated asset objects reloaded before import = 0Number of asset objects unloaded after import = 9

========================================================================
Received Import Request.
  Time since last request: 0.000071 seconds.
  path: Assets/AssetMap/City Pack/SUV/SUV.obj
  artifactKey: Guid(bb8ad172ddcfa004c889446353fea0d2) Importer(815301076,1909f56bfc062723c751e8b465ee728b)
Start importing Assets/AssetMap/City Pack/SUV/SUV.obj using Guid(bb8ad172ddcfa004c889446353fea0d2) Importer(815301076,1909f56bfc062723c751e8b465ee728b) (PreviewImporter) -> (artifact id: 'd3bef1aa2e73c2af8d96cd60e09062d3') in 0.085021083 seconds
Number of updated asset objects reloaded before import = 0Number of asset objects unloaded after import = 15

========================================================================
Received Import Request.
  Time since last request: 0.000068 seconds.
  path: Assets/Fantastic City Generator/Objects/Others/Prefab/Trash-Four.prefab
  artifactKey: Guid(53609de3a4c11e043997041fd78ceb60) Importer(815301076,1909f56bfc062723c751e8b465ee728b)
Start importing Assets/Fantastic City Generator/Objects/Others/Prefab/Trash-Four.prefab using Guid(53609de3a4c11e043997041fd78ceb60) Importer(815301076,1909f56bfc062723c751e8b465ee728b) (PreviewImporter) -> (artifact id: '2988400befa8720a9f60400972f767aa') in 0.034463125 seconds
Number of updated asset objects reloaded before import = 0Number of asset objects unloaded after import = 53

========================================================================
Received Import Request.
  Time since last request: 0.000079 seconds.
  path: Assets/StarterAssets/Environment/Art/Models/Structure_Mesh.fbx
  artifactKey: Guid(d0a9bfb4b5f28174884e89dd76563ae8) Importer(815301076,1909f56bfc062723c751e8b465ee728b)
Start importing Assets/StarterAssets/Environment/Art/Models/Structure_Mesh.fbx using Guid(d0a9bfb4b5f28174884e89dd76563ae8) Importer(815301076,1909f56bfc062723c751e8b465ee728b) (PreviewImporter) -> (artifact id: 'd0c226a1296774a24f2f3df973dbbd54') in 0.0293335 seconds
Number of updated asset objects reloaded before import = 0Number of asset objects unloaded after import = 8

========================================================================
Received Import Request.
  Time since last request: 0.000057 seconds.
  path: Assets/Fantastic City Generator/Objects/Others/Prefab/Trash-02d.prefab
  artifactKey: Guid(73dda77fc139de744a99846fae34fdc5) Importer(815301076,1909f56bfc062723c751e8b465ee728b)
Start importing Assets/Fantastic City Generator/Objects/Others/Prefab/Trash-02d.prefab using Guid(73dda77fc139de744a99846fae34fdc5) Importer(815301076,1909f56bfc062723c751e8b465ee728b) (PreviewImporter) -> (artifact id: '3dee67855559fb213176a331af7b9045') in 0.035805917 seconds
Number of updated asset objects reloaded before import = 0Number of asset objects unloaded after import = 14

========================================================================
Received Import Request.
  Time since last request: 0.000057 seconds.
  path: Assets/Fantastic City Generator/Traffic_Light/New Prefabs/TrafficLight X.prefab
  artifactKey: Guid(676e1448d027ce24693c3d8299a6614c) Importer(815301076,1909f56bfc062723c751e8b465ee728b)
Start importing Assets/Fantastic City Generator/Traffic_Light/New Prefabs/TrafficLight X.prefab using Guid(676e1448d027ce24693c3d8299a6614c) Importer(815301076,1909f56bfc062723c751e8b465ee728b) (PreviewImporter) -> (artifact id: '17ae45df9d22fb71800d5cdf156ce09f') in 0.038571291 seconds
Number of updated asset objects reloaded before import = 0Number of asset objects unloaded after import = 1082

========================================================================
Received Import Request.
  Time since last request: 0.000083 seconds.
  path: Assets/Fantastic City Generator/Objects/Others/Prefab/Trash-01.prefab
  artifactKey: Guid(1f8a86790810bcd499489cc719122541) Importer(815301076,1909f56bfc062723c751e8b465ee728b)
Start importing Assets/Fantastic City Generator/Objects/Others/Prefab/Trash-01.prefab using Guid(1f8a86790810bcd499489cc719122541) Importer(815301076,1909f56bfc062723c751e8b465ee728b) (PreviewImporter) -> (artifact id: 'c7058bd77cbdee9ffb2ff14c24ec4e30') in 0.027606125 seconds
Number of updated asset objects reloaded before import = 0Number of asset objects unloaded after import = 15

========================================================================
Received Import Request.
  Time since last request: 0.000063 seconds.
  path: Assets/Fantastic City Generator/Traffic_Light/FBX/Traffic_Light-Rev.fbx
  artifactKey: Guid(830250c7afc461b4da411ae9af734920) Importer(815301076,1909f56bfc062723c751e8b465ee728b)
Start importing Assets/Fantastic City Generator/Traffic_Light/FBX/Traffic_Light-Rev.fbx using Guid(830250c7afc461b4da411ae9af734920) Importer(815301076,1909f56bfc062723c751e8b465ee728b) (PreviewImporter) -> (artifact id: 'abbbd79375047e4a631eac4ec53eccd2') in 0.131546542 seconds
Number of updated asset objects reloaded before import = 0Number of asset objects unloaded after import = 58

========================================================================
Received Prepare
Assembly reference Packages/com.unity.cinemachine/Editor/Samples/ExposeHDRPInternals/HDRP-Editor-ref.asmref has no target assembly definition
Assembly reference Packages/com.unity.cinemachine/Editor/Samples/ExposeHDRPInternals/HDRP-Editor-ref.asmref has no target assembly definition
Begin MonoManager ReloadAssembly
[Licensing::Client] Successfully resolved entitlement details
Thread 0x17005f000 may have been prematurely finalized
Symbol file LoadedFromMemory is not a mono symbol file
- Loaded All Assemblies, in  0.837 seconds
Assembly reference Packages/com.unity.cinemachine/Editor/Samples/ExposeHDRPInternals/HDRP-Editor-ref.asmref has no target assembly definition
'Packages/com.unity.cinemachine/Editor/Obsolete/CinemachineVirtualCameraBaseEditor.cs' contains partial class of Unity.Object, exactly 1 of the partial classes needs to be in a file with the same filename. This is to know the one that can be referenced from ie. GameObjects
'Packages/com.unity.cinemachine/Editor/Editors/CinemachineVirtualCameraBaseEditor.cs' contains partial class of Unity.Object, exactly 1 of the partial classes needs to be in a file with the same filename. This is to know the one that can be referenced from ie. GameObjects
Refreshing native plugins compatible for Editor in 0.83 ms, found 2 plugins.
Native extension for OSXStandalone target not found
Assembly reference Packages/com.unity.cinemachine/Editor/Samples/ExposeHDRPInternals/HDRP-Editor-ref.asmref has no target assembly definition
[Package Manager] Failed to launch server process. Reason: Unity was launched with the -noUpm command-line argument
[Package Manager] Unable to send message (not connected to server process).
[Package Manager] Cannot connect to Unity Package Manager local server
[Package Manager] Failed to launch server process. Reason: Unity was launched with the -noUpm command-line argument
[Package Manager] Unable to send message (not connected to server process).
[Package Manager] Cannot connect to Unity Package Manager local server
[Package Manager] Failed to launch server process. Reason: Unity was launched with the -noUpm command-line argument
[Package Manager] Unable to send message (not connected to server process).
[Package Manager] Cannot connect to Unity Package Manager local server
Refreshing native plugins compatible for Editor in 1.04 ms, found 2 plugins.
Mono: successfully reloaded assembly
- Finished resetting the current domain, in  0.798 seconds
Domain Reload Profiling: 1639ms
	BeginReloadAssembly (222ms)
		ExecutionOrderSort (0ms)
		DisableScriptedObjects (37ms)
		BackupInstance (0ms)
		ReleaseScriptingObjects (0ms)
		CreateAndSetChildDomain (67ms)
	RebuildCommonClasses (46ms)
	RebuildNativeTypeToScriptingClass (11ms)
	initialDomainReloadingComplete (41ms)
	LoadAllAssembliesAndSetupDomain (520ms)
		LoadAssemblies (264ms)
		RebuildTransferFunctionScriptingTraits (0ms)
		AnalyzeDomain (289ms)
			TypeCache.Refresh (35ms)
				TypeCache.ScanAssembly (2ms)
			BuildScriptInfoCaches (240ms)
			ResolveRequiredComponents (10ms)
	FinalizeReload (798ms)
		ReleaseScriptCaches (0ms)
		RebuildScriptCaches (0ms)
		SetupLoadedEditorAssemblies (677ms)
			LogAssemblyErrors (0ms)
			InitializePlatformSupportModulesInManaged (1ms)
			SetLoadedEditorAssemblies (4ms)
			BeforeProcessingInitializeOnLoad (128ms)
			ProcessInitializeOnLoadAttributes (384ms)
			ProcessInitializeOnLoadMethodAttributes (158ms)
			AfterProcessingInitializeOnLoad (1ms)
			EditorAssembliesLoaded (1ms)
		ExecutionOrderSort2 (0ms)
		AwakeInstancesAfterBackupRestoration (11ms)
WARNING: Shader Unsupported: 'Universal Render Pipeline/VR/SpatialMapping/Wireframe' - All subshaders removed
WARNING: Shader Did you use #pragma only_renderers and omit this platform?
WARNING: Shader If subshaders removal was intentional, you may have forgotten turning Fallback off?
WARNING: Shader Unsupported: 'Universal Render Pipeline/VR/SpatialMapping/Wireframe' - All subshaders removed
WARNING: Shader Did you use #pragma only_renderers and omit this platform?
WARNING: Shader If subshaders removal was intentional, you may have forgotten turning Fallback off?
Refreshing native plugins compatible for Editor in 0.99 ms, found 2 plugins.
Preloading 0 native plugins for Editor in 0.00 ms.
Unloading 28 Unused Serialized files (Serialized files now loaded: 0)
Unloading 9452 unused Assets / (7.2 MB). Loaded Objects now: 10292.
Memory consumption went from 219.2 MB to 212.1 MB.
Total: 15.987625 ms (FindLiveObjects: 1.743167 ms CreateObjectMapping: 0.285500 ms MarkObjects: 11.030417 ms  DeleteObjects: 2.927792 ms)

Prepare: number of updated asset objects reloaded= 0
========================================================================
Received Prepare
Assembly reference Packages/com.unity.cinemachine/Editor/Samples/ExposeHDRPInternals/HDRP-Editor-ref.asmref has no target assembly definition
Assembly reference Packages/com.unity.cinemachine/Editor/Samples/ExposeHDRPInternals/HDRP-Editor-ref.asmref has no target assembly definition
Begin MonoManager ReloadAssembly
[Licensing::Client] Successfully resolved entitlement details
Thread 0x16d36b000 may have been prematurely finalized
Symbol file LoadedFromMemory is not a mono symbol file
- Loaded All Assemblies, in  2.197 seconds
Assembly reference Packages/com.unity.cinemachine/Editor/Samples/ExposeHDRPInternals/HDRP-Editor-ref.asmref has no target assembly definition
'Packages/com.unity.cinemachine/Editor/Obsolete/CinemachineVirtualCameraBaseEditor.cs' contains partial class of Unity.Object, exactly 1 of the partial classes needs to be in a file with the same filename. This is to know the one that can be referenced from ie. GameObjects
'Packages/com.unity.cinemachine/Editor/Editors/CinemachineVirtualCameraBaseEditor.cs' contains partial class of Unity.Object, exactly 1 of the partial classes needs to be in a file with the same filename. This is to know the one that can be referenced from ie. GameObjects
Refreshing native plugins compatible for Editor in 3.20 ms, found 2 plugins.
Native extension for OSXStandalone target not found
Assembly reference Packages/com.unity.cinemachine/Editor/Samples/ExposeHDRPInternals/HDRP-Editor-ref.asmref has no target assembly definition
[Package Manager] Failed to launch server process. Reason: Unity was launched with the -noUpm command-line argument
[Package Manager] Unable to send message (not connected to server process).
[Package Manager] Cannot connect to Unity Package Manager local server
[Package Manager] Failed to launch server process. Reason: Unity was launched with the -noUpm command-line argument
[Package Manager] Unable to send message (not connected to server process).
[Package Manager] Cannot connect to Unity Package Manager local server
[Package Manager] Failed to launch server process. Reason: Unity was launched with the -noUpm command-line argument
[Package Manager] Unable to send message (not connected to server process).
[Package Manager] Cannot connect to Unity Package Manager local server
Refreshing native plugins compatible for Editor in 0.94 ms, found 2 plugins.
Mono: successfully reloaded assembly
- Finished resetting the current domain, in  0.739 seconds
Domain Reload Profiling: 2945ms
	BeginReloadAssembly (1122ms)
		ExecutionOrderSort (1ms)
		DisableScriptedObjects (49ms)
		BackupInstance (0ms)
		ReleaseScriptingObjects (3ms)
		CreateAndSetChildDomain (208ms)
	RebuildCommonClasses (88ms)
	RebuildNativeTypeToScriptingClass (17ms)
	initialDomainReloadingComplete (56ms)
	LoadAllAssembliesAndSetupDomain (922ms)
		LoadAssemblies (1049ms)
		RebuildTransferFunctionScriptingTraits (0ms)
		AnalyzeDomain (478ms)
			TypeCache.Refresh (58ms)
				TypeCache.ScanAssembly (0ms)
			BuildScriptInfoCaches (401ms)
			ResolveRequiredComponents (9ms)
	FinalizeReload (739ms)
		ReleaseScriptCaches (0ms)
		RebuildScriptCaches (0ms)
		SetupLoadedEditorAssemblies (626ms)
			LogAssemblyErrors (0ms)
			InitializePlatformSupportModulesInManaged (1ms)
			SetLoadedEditorAssemblies (4ms)
			BeforeProcessingInitializeOnLoad (110ms)
			ProcessInitializeOnLoadAttributes (259ms)
			ProcessInitializeOnLoadMethodAttributes (251ms)
			AfterProcessingInitializeOnLoad (1ms)
			EditorAssembliesLoaded (1ms)
		ExecutionOrderSort2 (0ms)
		AwakeInstancesAfterBackupRestoration (8ms)
WARNING: Shader Unsupported: 'Universal Render Pipeline/VR/SpatialMapping/Wireframe' - All subshaders removed
WARNING: Shader Did you use #pragma only_renderers and omit this platform?
WARNING: Shader If subshaders removal was intentional, you may have forgotten turning Fallback off?
WARNING: Shader Unsupported: 'Universal Render Pipeline/VR/SpatialMapping/Wireframe' - All subshaders removed
WARNING: Shader Did you use #pragma only_renderers and omit this platform?
WARNING: Shader If subshaders removal was intentional, you may have forgotten turning Fallback off?
Refreshing native plugins compatible for Editor in 0.85 ms, found 2 plugins.
Preloading 0 native plugins for Editor in 0.00 ms.
Unloading 28 Unused Serialized files (Serialized files now loaded: 0)
Unloading 9451 unused Assets / (7.7 MB). Loaded Objects now: 10296.
Memory consumption went from 209.5 MB to 201.8 MB.
Total: 8.895083 ms (FindLiveObjects: 0.586125 ms CreateObjectMapping: 0.277542 ms MarkObjects: 5.232375 ms  DeleteObjects: 2.798708 ms)

Prepare: number of updated asset objects reloaded= 0
========================================================================
Received Prepare
Assembly reference Packages/com.unity.cinemachine/Editor/Samples/ExposeHDRPInternals/HDRP-Editor-ref.asmref has no target assembly definition
Assembly reference Packages/com.unity.cinemachine/Editor/Samples/ExposeHDRPInternals/HDRP-Editor-ref.asmref has no target assembly definition
Begin MonoManager ReloadAssembly
[Licensing::Client] Successfully resolved entitlement details
Thread 0x16d36b000 may have been prematurely finalized
Symbol file LoadedFromMemory is not a mono symbol file
- Loaded All Assemblies, in  1.503 seconds
Assembly reference Packages/com.unity.cinemachine/Editor/Samples/ExposeHDRPInternals/HDRP-Editor-ref.asmref has no target assembly definition
'Packages/com.unity.cinemachine/Editor/Obsolete/CinemachineVirtualCameraBaseEditor.cs' contains partial class of Unity.Object, exactly 1 of the partial classes needs to be in a file with the same filename. This is to know the one that can be referenced from ie. GameObjects
'Packages/com.unity.cinemachine/Editor/Editors/CinemachineVirtualCameraBaseEditor.cs' contains partial class of Unity.Object, exactly 1 of the partial classes needs to be in a file with the same filename. This is to know the one that can be referenced from ie. GameObjects
Refreshing native plugins compatible for Editor in 0.90 ms, found 2 plugins.
Native extension for OSXStandalone target not found
Assembly reference Packages/com.unity.cinemachine/Editor/Samples/ExposeHDRPInternals/HDRP-Editor-ref.asmref has no target assembly definition
[Package Manager] Failed to launch server process. Reason: Unity was launched with the -noUpm command-line argument
[Package Manager] Unable to send message (not connected to server process).
[Package Manager] Cannot connect to Unity Package Manager local server
[Package Manager] Failed to launch server process. Reason: Unity was launched with the -noUpm command-line argument
[Package Manager] Unable to send message (not connected to server process).
[Package Manager] Cannot connect to Unity Package Manager local server
[Package Manager] Failed to launch server process. Reason: Unity was launched with the -noUpm command-line argument
[Package Manager] Unable to send message (not connected to server process).
[Package Manager] Cannot connect to Unity Package Manager local server
Refreshing native plugins compatible for Editor in 1.88 ms, found 2 plugins.
Mono: successfully reloaded assembly
- Finished resetting the current domain, in  1.029 seconds
Domain Reload Profiling: 2538ms
	BeginReloadAssembly (632ms)
		ExecutionOrderSort (0ms)
		DisableScriptedObjects (19ms)
		BackupInstance (0ms)
		ReleaseScriptingObjects (0ms)
		CreateAndSetChildDomain (179ms)
	RebuildCommonClasses (39ms)
	RebuildNativeTypeToScriptingClass (14ms)
	initialDomainReloadingComplete (50ms)
	LoadAllAssembliesAndSetupDomain (773ms)
		LoadAssemblies (633ms)
		RebuildTransferFunctionScriptingTraits (0ms)
		AnalyzeDomain (361ms)
			TypeCache.Refresh (20ms)
				TypeCache.ScanAssembly (0ms)
			BuildScriptInfoCaches (298ms)
			ResolveRequiredComponents (26ms)
	FinalizeReload (1030ms)
		ReleaseScriptCaches (0ms)
		RebuildScriptCaches (0ms)
		SetupLoadedEditorAssemblies (859ms)
			LogAssemblyErrors (0ms)
			InitializePlatformSupportModulesInManaged (6ms)
			SetLoadedEditorAssemblies (10ms)
			BeforeProcessingInitializeOnLoad (216ms)
			ProcessInitializeOnLoadAttributes (417ms)
			ProcessInitializeOnLoadMethodAttributes (207ms)
			AfterProcessingInitializeOnLoad (1ms)
			EditorAssembliesLoaded (1ms)
		ExecutionOrderSort2 (0ms)
		AwakeInstancesAfterBackupRestoration (8ms)
WARNING: Shader Unsupported: 'Universal Render Pipeline/VR/SpatialMapping/Wireframe' - All subshaders removed
WARNING: Shader Did you use #pragma only_renderers and omit this platform?
WARNING: Shader If subshaders removal was intentional, you may have forgotten turning Fallback off?
WARNING: Shader Unsupported: 'Universal Render Pipeline/VR/SpatialMapping/Wireframe' - All subshaders removed
WARNING: Shader Did you use #pragma only_renderers and omit this platform?
WARNING: Shader If subshaders removal was intentional, you may have forgotten turning Fallback off?
Refreshing native plugins compatible for Editor in 0.91 ms, found 2 plugins.
Preloading 0 native plugins for Editor in 0.00 ms.
Unloading 28 Unused Serialized files (Serialized files now loaded: 0)
Unloading 9451 unused Assets / (6.8 MB). Loaded Objects now: 10300.
Memory consumption went from 209.5 MB to 202.8 MB.
Total: 10.626333 ms (FindLiveObjects: 1.233000 ms CreateObjectMapping: 0.562125 ms MarkObjects: 5.832083 ms  DeleteObjects: 2.998000 ms)

Prepare: number of updated asset objects reloaded= 0
========================================================================
Received Prepare
Assembly reference Packages/com.unity.cinemachine/Editor/Samples/ExposeHDRPInternals/HDRP-Editor-ref.asmref has no target assembly definition
Assembly reference Packages/com.unity.cinemachine/Editor/Samples/ExposeHDRPInternals/HDRP-Editor-ref.asmref has no target assembly definition
Begin MonoManager ReloadAssembly
[Licensing::Client] Successfully resolved entitlement details
Thread 0x16d023000 may have been prematurely finalized
Symbol file LoadedFromMemory is not a mono symbol file
- Loaded All Assemblies, in  1.000 seconds
Assembly reference Packages/com.unity.cinemachine/Editor/Samples/ExposeHDRPInternals/HDRP-Editor-ref.asmref has no target assembly definition
'Packages/com.unity.cinemachine/Editor/Obsolete/CinemachineVirtualCameraBaseEditor.cs' contains partial class of Unity.Object, exactly 1 of the partial classes needs to be in a file with the same filename. This is to know the one that can be referenced from ie. GameObjects
'Packages/com.unity.cinemachine/Editor/Editors/CinemachineVirtualCameraBaseEditor.cs' contains partial class of Unity.Object, exactly 1 of the partial classes needs to be in a file with the same filename. This is to know the one that can be referenced from ie. GameObjects
Refreshing native plugins compatible for Editor in 1.08 ms, found 2 plugins.
Native extension for OSXStandalone target not found
Assembly reference Packages/com.unity.cinemachine/Editor/Samples/ExposeHDRPInternals/HDRP-Editor-ref.asmref has no target assembly definition
[Package Manager] Failed to launch server process. Reason: Unity was launched with the -noUpm command-line argument
[Package Manager] Unable to send message (not connected to server process).
[Package Manager] Cannot connect to Unity Package Manager local server
[Package Manager] Failed to launch server process. Reason: Unity was launched with the -noUpm command-line argument
[Package Manager] Unable to send message (not connected to server process).
[Package Manager] Cannot connect to Unity Package Manager local server
[Package Manager] Failed to launch server process. Reason: Unity was launched with the -noUpm command-line argument
[Package Manager] Unable to send message (not connected to server process).
[Package Manager] Cannot connect to Unity Package Manager local server
Refreshing native plugins compatible for Editor in 1.54 ms, found 2 plugins.
Mono: successfully reloaded assembly
- Finished resetting the current domain, in  0.907 seconds
Domain Reload Profiling: 1908ms
	BeginReloadAssembly (277ms)
		ExecutionOrderSort (0ms)
		DisableScriptedObjects (10ms)
		BackupInstance (0ms)
		ReleaseScriptingObjects (1ms)
		CreateAndSetChildDomain (100ms)
	RebuildCommonClasses (34ms)
	RebuildNativeTypeToScriptingClass (12ms)
	initialDomainReloadingComplete (76ms)
	LoadAllAssembliesAndSetupDomain (602ms)
		LoadAssemblies (358ms)
		RebuildTransferFunctionScriptingTraits (0ms)
		AnalyzeDomain (300ms)
			TypeCache.Refresh (21ms)
				TypeCache.ScanAssembly (0ms)
			BuildScriptInfoCaches (263ms)
			ResolveRequiredComponents (11ms)
	FinalizeReload (907ms)
		ReleaseScriptCaches (0ms)
		RebuildScriptCaches (0ms)
		SetupLoadedEditorAssemblies (762ms)
			LogAssemblyErrors (0ms)
			InitializePlatformSupportModulesInManaged (1ms)
			SetLoadedEditorAssemblies (5ms)
			BeforeProcessingInitializeOnLoad (137ms)
			ProcessInitializeOnLoadAttributes (370ms)
			ProcessInitializeOnLoadMethodAttributes (244ms)
			AfterProcessingInitializeOnLoad (1ms)
			EditorAssembliesLoaded (3ms)
		ExecutionOrderSort2 (0ms)
		AwakeInstancesAfterBackupRestoration (11ms)
WARNING: Shader Unsupported: 'Universal Render Pipeline/VR/SpatialMapping/Wireframe' - All subshaders removed
WARNING: Shader Did you use #pragma only_renderers and omit this platform?
WARNING: Shader If subshaders removal was intentional, you may have forgotten turning Fallback off?
WARNING: Shader Unsupported: 'Universal Render Pipeline/VR/SpatialMapping/Wireframe' - All subshaders removed
WARNING: Shader Did you use #pragma only_renderers and omit this platform?
WARNING: Shader If subshaders removal was intentional, you may have forgotten turning Fallback off?
Refreshing native plugins compatible for Editor in 1.12 ms, found 2 plugins.
Preloading 0 native plugins for Editor in 0.00 ms.
Unloading 28 Unused Serialized files (Serialized files now loaded: 0)
Unloading 9451 unused Assets / (6.0 MB). Loaded Objects now: 10304.
Memory consumption went from 209.6 MB to 203.5 MB.
Total: 26.325625 ms (FindLiveObjects: 2.517583 ms CreateObjectMapping: 0.432042 ms MarkObjects: 17.095000 ms  DeleteObjects: 6.280500 ms)

Prepare: number of updated asset objects reloaded= 0
========================================================================
Received Import Request.
  Time since last request: 3748.276210 seconds.
  path: Assets/Animation/Person.controller
  artifactKey: Guid(ba5fc14e6f9f4854ba0f986b4b0401ac) Importer(815301076,1909f56bfc062723c751e8b465ee728b)
Start importing Assets/Animation/Person.controller using Guid(ba5fc14e6f9f4854ba0f986b4b0401ac) Importer(815301076,1909f56bfc062723c751e8b465ee728b) (PreviewImporter) -> (artifact id: '0f1a42628e80119c4e6e09f35a737361') in 0.2029865 seconds
Number of updated asset objects reloaded before import = 0Number of asset objects unloaded after import = 26

========================================================================
Received Prepare
Assembly reference Packages/com.unity.cinemachine/Editor/Samples/ExposeHDRPInternals/HDRP-Editor-ref.asmref has no target assembly definition
Assembly reference Packages/com.unity.cinemachine/Editor/Samples/ExposeHDRPInternals/HDRP-Editor-ref.asmref has no target assembly definition
Begin MonoManager ReloadAssembly
[Licensing::Client] Successfully resolved entitlement details
Thread 0x16d023000 may have been prematurely finalized
Symbol file LoadedFromMemory is not a mono symbol file
- Loaded All Assemblies, in  1.456 seconds
Assembly reference Packages/com.unity.cinemachine/Editor/Samples/ExposeHDRPInternals/HDRP-Editor-ref.asmref has no target assembly definition
'Packages/com.unity.cinemachine/Editor/Obsolete/CinemachineVirtualCameraBaseEditor.cs' contains partial class of Unity.Object, exactly 1 of the partial classes needs to be in a file with the same filename. This is to know the one that can be referenced from ie. GameObjects
'Packages/com.unity.cinemachine/Editor/Editors/CinemachineVirtualCameraBaseEditor.cs' contains partial class of Unity.Object, exactly 1 of the partial classes needs to be in a file with the same filename. This is to know the one that can be referenced from ie. GameObjects
Refreshing native plugins compatible for Editor in 0.85 ms, found 2 plugins.
Native extension for OSXStandalone target not found
Assembly reference Packages/com.unity.cinemachine/Editor/Samples/ExposeHDRPInternals/HDRP-Editor-ref.asmref has no target assembly definition
[Package Manager] Failed to launch server process. Reason: Unity was launched with the -noUpm command-line argument
[Package Manager] Unable to send message (not connected to server process).
[Package Manager] Cannot connect to Unity Package Manager local server
[Package Manager] Failed to launch server process. Reason: Unity was launched with the -noUpm command-line argument
[Package Manager] Unable to send message (not connected to server process).
[Package Manager] Cannot connect to Unity Package Manager local server
[Package Manager] Failed to launch server process. Reason: Unity was launched with the -noUpm command-line argument
[Package Manager] Unable to send message (not connected to server process).
[Package Manager] Cannot connect to Unity Package Manager local server
Refreshing native plugins compatible for Editor in 0.94 ms, found 2 plugins.
Mono: successfully reloaded assembly
- Finished resetting the current domain, in  0.683 seconds
Domain Reload Profiling: 2177ms
	BeginReloadAssembly (318ms)
		ExecutionOrderSort (0ms)
		DisableScriptedObjects (11ms)
		BackupInstance (0ms)
		ReleaseScriptingObjects (0ms)
		CreateAndSetChildDomain (83ms)
	RebuildCommonClasses (24ms)
	RebuildNativeTypeToScriptingClass (10ms)
	initialDomainReloadingComplete (35ms)
	LoadAllAssembliesAndSetupDomain (1107ms)
		LoadAssemblies (681ms)
		RebuildTransferFunctionScriptingTraits (0ms)
		AnalyzeDomain (515ms)
			TypeCache.Refresh (40ms)
				TypeCache.ScanAssembly (2ms)
			BuildScriptInfoCaches (442ms)
			ResolveRequiredComponents (11ms)
	FinalizeReload (684ms)
		ReleaseScriptCaches (0ms)
		RebuildScriptCaches (0ms)
		SetupLoadedEditorAssemblies (581ms)
			LogAssemblyErrors (0ms)
			InitializePlatformSupportModulesInManaged (2ms)
			SetLoadedEditorAssemblies (5ms)
			BeforeProcessingInitializeOnLoad (120ms)
			ProcessInitializeOnLoadAttributes (261ms)
			ProcessInitializeOnLoadMethodAttributes (193ms)
			AfterProcessingInitializeOnLoad (1ms)
			EditorAssembliesLoaded (0ms)
		ExecutionOrderSort2 (0ms)
		AwakeInstancesAfterBackupRestoration (6ms)
WARNING: Shader Unsupported: 'Universal Render Pipeline/VR/SpatialMapping/Wireframe' - All subshaders removed
WARNING: Shader Did you use #pragma only_renderers and omit this platform?
WARNING: Shader If subshaders removal was intentional, you may have forgotten turning Fallback off?
WARNING: Shader Unsupported: 'Universal Render Pipeline/VR/SpatialMapping/Wireframe' - All subshaders removed
WARNING: Shader Did you use #pragma only_renderers and omit this platform?
WARNING: Shader If subshaders removal was intentional, you may have forgotten turning Fallback off?
Refreshing native plugins compatible for Editor in 0.89 ms, found 2 plugins.
Preloading 0 native plugins for Editor in 0.00 ms.
Unloading 28 Unused Serialized files (Serialized files now loaded: 0)
Unloading 9451 unused Assets / (6.9 MB). Loaded Objects now: 10308.
Memory consumption went from 209.6 MB to 202.6 MB.
Total: 9.030000 ms (FindLiveObjects: 0.555291 ms CreateObjectMapping: 0.317500 ms MarkObjects: 5.351125 ms  DeleteObjects: 2.805375 ms)

Prepare: number of updated asset objects reloaded= 0
========================================================================
Received Prepare
Assembly reference Packages/com.unity.cinemachine/Editor/Samples/ExposeHDRPInternals/HDRP-Editor-ref.asmref has no target assembly definition
Assembly reference Packages/com.unity.cinemachine/Editor/Samples/ExposeHDRPInternals/HDRP-Editor-ref.asmref has no target assembly definition
Begin MonoManager ReloadAssembly
[Licensing::Client] Successfully resolved entitlement details
Thread 0x16d023000 may have been prematurely finalized
Symbol file LoadedFromMemory is not a mono symbol file
- Loaded All Assemblies, in  0.784 seconds
Assembly reference Packages/com.unity.cinemachine/Editor/Samples/ExposeHDRPInternals/HDRP-Editor-ref.asmref has no target assembly definition
'Packages/com.unity.cinemachine/Editor/Obsolete/CinemachineVirtualCameraBaseEditor.cs' contains partial class of Unity.Object, exactly 1 of the partial classes needs to be in a file with the same filename. This is to know the one that can be referenced from ie. GameObjects
'Packages/com.unity.cinemachine/Editor/Editors/CinemachineVirtualCameraBaseEditor.cs' contains partial class of Unity.Object, exactly 1 of the partial classes needs to be in a file with the same filename. This is to know the one that can be referenced from ie. GameObjects
Refreshing native plugins compatible for Editor in 0.83 ms, found 2 plugins.
Native extension for OSXStandalone target not found
Assembly reference Packages/com.unity.cinemachine/Editor/Samples/ExposeHDRPInternals/HDRP-Editor-ref.asmref has no target assembly definition
[Package Manager] Failed to launch server process. Reason: Unity was launched with the -noUpm command-line argument
[Package Manager] Unable to send message (not connected to server process).
[Package Manager] Cannot connect to Unity Package Manager local server
[Package Manager] Failed to launch server process. Reason: Unity was launched with the -noUpm command-line argument
[Package Manager] Unable to send message (not connected to server process).
[Package Manager] Cannot connect to Unity Package Manager local server
[Package Manager] Failed to launch server process. Reason: Unity was launched with the -noUpm command-line argument
[Package Manager] Unable to send message (not connected to server process).
[Package Manager] Cannot connect to Unity Package Manager local server
Refreshing native plugins compatible for Editor in 1.13 ms, found 2 plugins.
Mono: successfully reloaded assembly
- Finished resetting the current domain, in  0.700 seconds
Domain Reload Profiling: 1488ms
	BeginReloadAssembly (235ms)
		ExecutionOrderSort (0ms)
		DisableScriptedObjects (9ms)
		BackupInstance (0ms)
		ReleaseScriptingObjects (0ms)
		CreateAndSetChildDomain (61ms)
	RebuildCommonClasses (25ms)
	RebuildNativeTypeToScriptingClass (10ms)
	initialDomainReloadingComplete (32ms)
	LoadAllAssembliesAndSetupDomain (485ms)
		LoadAssemblies (353ms)
		RebuildTransferFunctionScriptingTraits (0ms)
		AnalyzeDomain (218ms)
			TypeCache.Refresh (19ms)
				TypeCache.ScanAssembly (0ms)
			BuildScriptInfoCaches (184ms)
			ResolveRequiredComponents (9ms)
	FinalizeReload (700ms)
		ReleaseScriptCaches (0ms)
		RebuildScriptCaches (0ms)
		SetupLoadedEditorAssemblies (583ms)
			LogAssemblyErrors (0ms)
			InitializePlatformSupportModulesInManaged (1ms)
			SetLoadedEditorAssemblies (5ms)
			BeforeProcessingInitializeOnLoad (115ms)
			ProcessInitializeOnLoadAttributes (291ms)
			ProcessInitializeOnLoadMethodAttributes (168ms)
			AfterProcessingInitializeOnLoad (1ms)
			EditorAssembliesLoaded (1ms)
		ExecutionOrderSort2 (0ms)
		AwakeInstancesAfterBackupRestoration (7ms)
WARNING: Shader Unsupported: 'Universal Render Pipeline/VR/SpatialMapping/Wireframe' - All subshaders removed
WARNING: Shader Did you use #pragma only_renderers and omit this platform?
WARNING: Shader If subshaders removal was intentional, you may have forgotten turning Fallback off?
WARNING: Shader Unsupported: 'Universal Render Pipeline/VR/SpatialMapping/Wireframe' - All subshaders removed
WARNING: Shader Did you use #pragma only_renderers and omit this platform?
WARNING: Shader If subshaders removal was intentional, you may have forgotten turning Fallback off?
Refreshing native plugins compatible for Editor in 0.91 ms, found 2 plugins.
Preloading 0 native plugins for Editor in 0.00 ms.
Unloading 28 Unused Serialized files (Serialized files now loaded: 0)
Unloading 9451 unused Assets / (5.1 MB). Loaded Objects now: 10312.
Memory consumption went from 209.4 MB to 204.3 MB.
Total: 15.145375 ms (FindLiveObjects: 0.987750 ms CreateObjectMapping: 0.569792 ms MarkObjects: 10.779666 ms  DeleteObjects: 2.807500 ms)

Prepare: number of updated asset objects reloaded= 0
========================================================================
Received Prepare
Assembly reference Packages/com.unity.cinemachine/Editor/Samples/ExposeHDRPInternals/HDRP-Editor-ref.asmref has no target assembly definition
Assembly reference Packages/com.unity.cinemachine/Editor/Samples/ExposeHDRPInternals/HDRP-Editor-ref.asmref has no target assembly definition
Begin MonoManager ReloadAssembly
[Licensing::Client] Successfully resolved entitlement details
Thread 0x16d023000 may have been prematurely finalized
Symbol file LoadedFromMemory is not a mono symbol file
- Loaded All Assemblies, in  1.533 seconds
Assembly reference Packages/com.unity.cinemachine/Editor/Samples/ExposeHDRPInternals/HDRP-Editor-ref.asmref has no target assembly definition
'Packages/com.unity.cinemachine/Editor/Obsolete/CinemachineVirtualCameraBaseEditor.cs' contains partial class of Unity.Object, exactly 1 of the partial classes needs to be in a file with the same filename. This is to know the one that can be referenced from ie. GameObjects
'Packages/com.unity.cinemachine/Editor/Editors/CinemachineVirtualCameraBaseEditor.cs' contains partial class of Unity.Object, exactly 1 of the partial classes needs to be in a file with the same filename. This is to know the one that can be referenced from ie. GameObjects
Refreshing native plugins compatible for Editor in 13.12 ms, found 2 plugins.
Native extension for OSXStandalone target not found
Assembly reference Packages/com.unity.cinemachine/Editor/Samples/ExposeHDRPInternals/HDRP-Editor-ref.asmref has no target assembly definition
[Package Manager] Failed to launch server process. Reason: Unity was launched with the -noUpm command-line argument
[Package Manager] Unable to send message (not connected to server process).
[Package Manager] Cannot connect to Unity Package Manager local server
[Package Manager] Failed to launch server process. Reason: Unity was launched with the -noUpm command-line argument
[Package Manager] Unable to send message (not connected to server process).
[Package Manager] Cannot connect to Unity Package Manager local server
[Package Manager] Failed to launch server process. Reason: Unity was launched with the -noUpm command-line argument
[Package Manager] Unable to send message (not connected to server process).
[Package Manager] Cannot connect to Unity Package Manager local server
Refreshing native plugins compatible for Editor in 1.41 ms, found 2 plugins.
Mono: successfully reloaded assembly
- Finished resetting the current domain, in  1.074 seconds
Domain Reload Profiling: 2615ms
	BeginReloadAssembly (565ms)
		ExecutionOrderSort (0ms)
		DisableScriptedObjects (15ms)
		BackupInstance (0ms)
		ReleaseScriptingObjects (2ms)
		CreateAndSetChildDomain (245ms)
	RebuildCommonClasses (27ms)
	RebuildNativeTypeToScriptingClass (11ms)
	initialDomainReloadingComplete (36ms)
	LoadAllAssembliesAndSetupDomain (901ms)
		LoadAssemblies (688ms)
		RebuildTransferFunctionScriptingTraits (0ms)
		AnalyzeDomain (357ms)
			TypeCache.Refresh (55ms)
				TypeCache.ScanAssembly (3ms)
			BuildScriptInfoCaches (273ms)
			ResolveRequiredComponents (10ms)
	FinalizeReload (1075ms)
		ReleaseScriptCaches (0ms)
		RebuildScriptCaches (0ms)
		SetupLoadedEditorAssemblies (938ms)
			LogAssemblyErrors (0ms)
			InitializePlatformSupportModulesInManaged (3ms)
			SetLoadedEditorAssemblies (5ms)
			BeforeProcessingInitializeOnLoad (166ms)
			ProcessInitializeOnLoadAttributes (573ms)
			ProcessInitializeOnLoadMethodAttributes (189ms)
			AfterProcessingInitializeOnLoad (1ms)
			EditorAssembliesLoaded (1ms)
		ExecutionOrderSort2 (0ms)
		AwakeInstancesAfterBackupRestoration (7ms)
WARNING: Shader Unsupported: 'Universal Render Pipeline/VR/SpatialMapping/Wireframe' - All subshaders removed
WARNING: Shader Did you use #pragma only_renderers and omit this platform?
WARNING: Shader If subshaders removal was intentional, you may have forgotten turning Fallback off?
WARNING: Shader Unsupported: 'Universal Render Pipeline/VR/SpatialMapping/Wireframe' - All subshaders removed
WARNING: Shader Did you use #pragma only_renderers and omit this platform?
WARNING: Shader If subshaders removal was intentional, you may have forgotten turning Fallback off?
Refreshing native plugins compatible for Editor in 0.84 ms, found 2 plugins.
Preloading 0 native plugins for Editor in 0.00 ms.
Unloading 28 Unused Serialized files (Serialized files now loaded: 0)
Unloading 9451 unused Assets / (7.1 MB). Loaded Objects now: 10316.
Memory consumption went from 214.5 MB to 207.4 MB.
Total: 8.055083 ms (FindLiveObjects: 0.524125 ms CreateObjectMapping: 0.251125 ms MarkObjects: 5.076458 ms  DeleteObjects: 2.203000 ms)

Prepare: number of updated asset objects reloaded= 0
========================================================================
Received Prepare
Assembly reference Packages/com.unity.cinemachine/Editor/Samples/ExposeHDRPInternals/HDRP-Editor-ref.asmref has no target assembly definition
Assembly reference Packages/com.unity.cinemachine/Editor/Samples/ExposeHDRPInternals/HDRP-Editor-ref.asmref has no target assembly definition
Begin MonoManager ReloadAssembly
[Licensing::Client] Successfully resolved entitlement details
Thread 0x16d023000 may have been prematurely finalized
Symbol file LoadedFromMemory is not a mono symbol file
- Loaded All Assemblies, in  2.762 seconds
Assembly reference Packages/com.unity.cinemachine/Editor/Samples/ExposeHDRPInternals/HDRP-Editor-ref.asmref has no target assembly definition
'Packages/com.unity.cinemachine/Editor/Obsolete/CinemachineVirtualCameraBaseEditor.cs' contains partial class of Unity.Object, exactly 1 of the partial classes needs to be in a file with the same filename. This is to know the one that can be referenced from ie. GameObjects
'Packages/com.unity.cinemachine/Editor/Editors/CinemachineVirtualCameraBaseEditor.cs' contains partial class of Unity.Object, exactly 1 of the partial classes needs to be in a file with the same filename. This is to know the one that can be referenced from ie. GameObjects
Refreshing native plugins compatible for Editor in 3.34 ms, found 2 plugins.
Native extension for OSXStandalone target not found
Assembly reference Packages/com.unity.cinemachine/Editor/Samples/ExposeHDRPInternals/HDRP-Editor-ref.asmref has no target assembly definition
[Package Manager] Failed to launch server process. Reason: Unity was launched with the -noUpm command-line argument
[Package Manager] Unable to send message (not connected to server process).
[Package Manager] Cannot connect to Unity Package Manager local server
[Package Manager] Failed to launch server process. Reason: Unity was launched with the -noUpm command-line argument
[Package Manager] Unable to send message (not connected to server process).
[Package Manager] Cannot connect to Unity Package Manager local server
[Package Manager] Failed to launch server process. Reason: Unity was launched with the -noUpm command-line argument
[Package Manager] Unable to send message (not connected to server process).
[Package Manager] Cannot connect to Unity Package Manager local server
Refreshing native plugins compatible for Editor in 1.39 ms, found 2 plugins.
Mono: successfully reloaded assembly
- Finished resetting the current domain, in  1.107 seconds
Domain Reload Profiling: 3879ms
	BeginReloadAssembly (1578ms)
		ExecutionOrderSort (1ms)
		DisableScriptedObjects (50ms)
		BackupInstance (0ms)
		ReleaseScriptingObjects (6ms)
		CreateAndSetChildDomain (532ms)
	RebuildCommonClasses (50ms)
	RebuildNativeTypeToScriptingClass (12ms)
	initialDomainReloadingComplete (70ms)
	LoadAllAssembliesAndSetupDomain (1060ms)
		LoadAssemblies (938ms)
		RebuildTransferFunctionScriptingTraits (0ms)
		AnalyzeDomain (521ms)
			TypeCache.Refresh (52ms)
				TypeCache.ScanAssembly (0ms)
			BuildScriptInfoCaches (442ms)
			ResolveRequiredComponents (10ms)
	FinalizeReload (1109ms)
		ReleaseScriptCaches (0ms)
		RebuildScriptCaches (0ms)
		SetupLoadedEditorAssemblies (975ms)
			LogAssemblyErrors (0ms)
			InitializePlatformSupportModulesInManaged (2ms)
			SetLoadedEditorAssemblies (5ms)
			BeforeProcessingInitializeOnLoad (211ms)
			ProcessInitializeOnLoadAttributes (376ms)
			ProcessInitializeOnLoadMethodAttributes (378ms)
			AfterProcessingInitializeOnLoad (1ms)
			EditorAssembliesLoaded (4ms)
		ExecutionOrderSort2 (0ms)
		AwakeInstancesAfterBackupRestoration (11ms)
WARNING: Shader Unsupported: 'Universal Render Pipeline/VR/SpatialMapping/Wireframe' - All subshaders removed
WARNING: Shader Did you use #pragma only_renderers and omit this platform?
WARNING: Shader If subshaders removal was intentional, you may have forgotten turning Fallback off?
WARNING: Shader Unsupported: 'Universal Render Pipeline/VR/SpatialMapping/Wireframe' - All subshaders removed
WARNING: Shader Did you use #pragma only_renderers and omit this platform?
WARNING: Shader If subshaders removal was intentional, you may have forgotten turning Fallback off?
Refreshing native plugins compatible for Editor in 0.89 ms, found 2 plugins.
Preloading 0 native plugins for Editor in 0.00 ms.
Unloading 28 Unused Serialized files (Serialized files now loaded: 0)
Unloading 9451 unused Assets / (6.8 MB). Loaded Objects now: 10320.
Memory consumption went from 209.4 MB to 202.6 MB.
Total: 14.998292 ms (FindLiveObjects: 1.416917 ms CreateObjectMapping: 0.304166 ms MarkObjects: 8.860875 ms  DeleteObjects: 4.415542 ms)

Prepare: number of updated asset objects reloaded= 0
========================================================================
Received Prepare
'Packages/com.unity.cinemachine/Editor/Obsolete/CinemachineVirtualCameraBaseEditor.cs' contains partial class of Unity.Object, exactly 1 of the partial classes needs to be in a file with the same filename. This is to know the one that can be referenced from ie. GameObjects
'Packages/com.unity.cinemachine/Editor/Editors/CinemachineVirtualCameraBaseEditor.cs' contains partial class of Unity.Object, exactly 1 of the partial classes needs to be in a file with the same filename. This is to know the one that can be referenced from ie. GameObjects
WARNING: Shader Unsupported: 'Universal Render Pipeline/VR/SpatialMapping/Wireframe' - All subshaders removed
WARNING: Shader Did you use #pragma only_renderers and omit this platform?
WARNING: Shader If subshaders removal was intentional, you may have forgotten turning Fallback off?
WARNING: Shader Unsupported: 'Universal Render Pipeline/VR/SpatialMapping/Wireframe' - All subshaders removed
WARNING: Shader Did you use #pragma only_renderers and omit this platform?
WARNING: Shader If subshaders removal was intentional, you may have forgotten turning Fallback off?
Refreshing native plugins compatible for Editor in 1.10 ms, found 2 plugins.
Preloading 0 native plugins for Editor in 0.00 ms.
Unloading 28 Unused Serialized files (Serialized files now loaded: 0)
Unloading 9429 unused Assets / (7.1 MB). Loaded Objects now: 10320.
Memory consumption went from 197.4 MB to 190.3 MB.
Total: 43.530041 ms (FindLiveObjects: 1.599792 ms CreateObjectMapping: 0.599417 ms MarkObjects: 38.941833 ms  DeleteObjects: 2.388291 ms)

Prepare: number of updated asset objects reloaded= 0
========================================================================
Received Prepare
Assembly reference Packages/com.unity.cinemachine/Editor/Samples/ExposeHDRPInternals/HDRP-Editor-ref.asmref has no target assembly definition
Assembly reference Packages/com.unity.cinemachine/Editor/Samples/ExposeHDRPInternals/HDRP-Editor-ref.asmref has no target assembly definition
Begin MonoManager ReloadAssembly
[Licensing::Client] Successfully resolved entitlement details
Thread 0x16d023000 may have been prematurely finalized
Symbol file LoadedFromMemory is not a mono symbol file
- Loaded All Assemblies, in  2.001 seconds
Assembly reference Packages/com.unity.cinemachine/Editor/Samples/ExposeHDRPInternals/HDRP-Editor-ref.asmref has no target assembly definition
'Packages/com.unity.cinemachine/Editor/Obsolete/CinemachineVirtualCameraBaseEditor.cs' contains partial class of Unity.Object, exactly 1 of the partial classes needs to be in a file with the same filename. This is to know the one that can be referenced from ie. GameObjects
'Packages/com.unity.cinemachine/Editor/Editors/CinemachineVirtualCameraBaseEditor.cs' contains partial class of Unity.Object, exactly 1 of the partial classes needs to be in a file with the same filename. This is to know the one that can be referenced from ie. GameObjects
Refreshing native plugins compatible for Editor in 3.21 ms, found 2 plugins.
Native extension for OSXStandalone target not found
Assembly reference Packages/com.unity.cinemachine/Editor/Samples/ExposeHDRPInternals/HDRP-Editor-ref.asmref has no target assembly definition
[Package Manager] Failed to launch server process. Reason: Unity was launched with the -noUpm command-line argument
[Package Manager] Unable to send message (not connected to server process).
[Package Manager] Cannot connect to Unity Package Manager local server
[Package Manager] Failed to launch server process. Reason: Unity was launched with the -noUpm command-line argument
[Package Manager] Unable to send message (not connected to server process).
[Package Manager] Cannot connect to Unity Package Manager local server
[Package Manager] Failed to launch server process. Reason: Unity was launched with the -noUpm command-line argument
[Package Manager] Unable to send message (not connected to server process).
[Package Manager] Cannot connect to Unity Package Manager local server
Refreshing native plugins compatible for Editor in 1.21 ms, found 2 plugins.
Mono: successfully reloaded assembly
- Finished resetting the current domain, in  0.699 seconds
Domain Reload Profiling: 2705ms
	BeginReloadAssembly (711ms)
		ExecutionOrderSort (0ms)
		DisableScriptedObjects (27ms)
		BackupInstance (0ms)
		ReleaseScriptingObjects (0ms)
		CreateAndSetChildDomain (174ms)
	RebuildCommonClasses (29ms)
	RebuildNativeTypeToScriptingClass (10ms)
	initialDomainReloadingComplete (47ms)
	LoadAllAssembliesAndSetupDomain (1209ms)
		LoadAssemblies (1161ms)
		RebuildTransferFunctionScriptingTraits (0ms)
		AnalyzeDomain (364ms)
			TypeCache.Refresh (58ms)
				TypeCache.ScanAssembly (3ms)
			BuildScriptInfoCaches (287ms)
			ResolveRequiredComponents (9ms)
	FinalizeReload (699ms)
		ReleaseScriptCaches (0ms)
		RebuildScriptCaches (0ms)
		SetupLoadedEditorAssemblies (587ms)
			LogAssemblyErrors (0ms)
			InitializePlatformSupportModulesInManaged (2ms)
			SetLoadedEditorAssemblies (5ms)
			BeforeProcessingInitializeOnLoad (119ms)
			ProcessInitializeOnLoadAttributes (282ms)
			ProcessInitializeOnLoadMethodAttributes (178ms)
			AfterProcessingInitializeOnLoad (1ms)
			EditorAssembliesLoaded (1ms)
		ExecutionOrderSort2 (0ms)
		AwakeInstancesAfterBackupRestoration (8ms)
WARNING: Shader Unsupported: 'Universal Render Pipeline/VR/SpatialMapping/Wireframe' - All subshaders removed
WARNING: Shader Did you use #pragma only_renderers and omit this platform?
WARNING: Shader If subshaders removal was intentional, you may have forgotten turning Fallback off?
WARNING: Shader Unsupported: 'Universal Render Pipeline/VR/SpatialMapping/Wireframe' - All subshaders removed
WARNING: Shader Did you use #pragma only_renderers and omit this platform?
WARNING: Shader If subshaders removal was intentional, you may have forgotten turning Fallback off?
Refreshing native plugins compatible for Editor in 0.90 ms, found 2 plugins.
Preloading 0 native plugins for Editor in 0.00 ms.
Unloading 28 Unused Serialized files (Serialized files now loaded: 0)
Unloading 9451 unused Assets / (7.3 MB). Loaded Objects now: 10324.
Memory consumption went from 209.4 MB to 202.1 MB.
Total: 7.906292 ms (FindLiveObjects: 0.514208 ms CreateObjectMapping: 0.259292 ms MarkObjects: 4.706625 ms  DeleteObjects: 2.425750 ms)

Prepare: number of updated asset objects reloaded= 0
========================================================================
Received Import Request.
  Time since last request: 1926.350611 seconds.
  path: Assets/Prefab/Dogplayer.prefab
  artifactKey: Guid(6f34ab5a16e964df18807c82bcc8b616) Importer(815301076,1909f56bfc062723c751e8b465ee728b)
Start importing Assets/Prefab/Dogplayer.prefab using Guid(6f34ab5a16e964df18807c82bcc8b616) Importer(815301076,1909f56bfc062723c751e8b465ee728b) (PreviewImporter) -> (artifact id: '0fca07d4deb88273e2db0e80cf594fd0') in 1.140236584 seconds
Number of updated asset objects reloaded before import = 0Number of asset objects unloaded after import = 1023

========================================================================
Received Import Request.
  Time since last request: 0.000085 seconds.
  path: Assets/Prefab/Person.prefab
  artifactKey: Guid(13d8532fbf88a4b9f87cd12b04c50e6c) Importer(815301076,1909f56bfc062723c751e8b465ee728b)
Start importing Assets/Prefab/Person.prefab using Guid(13d8532fbf88a4b9f87cd12b04c50e6c) Importer(815301076,1909f56bfc062723c751e8b465ee728b) (PreviewImporter) -> (artifact id: 'a36c90650baafe8ed3ccf11e2c9bd4c8') in 0.440980417 seconds
Number of updated asset objects reloaded before import = 0Number of asset objects unloaded after import = 406

========================================================================
Received Import Request.
  Time since last request: 0.398505 seconds.
  path: Assets/Prefab/Dogplayer.prefab
  artifactKey: Guid(6f34ab5a16e964df18807c82bcc8b616) Importer(815301076,1909f56bfc062723c751e8b465ee728b)
Start importing Assets/Prefab/Dogplayer.prefab using Guid(6f34ab5a16e964df18807c82bcc8b616) Importer(815301076,1909f56bfc062723c751e8b465ee728b) (PreviewImporter) -> (artifact id: '50a0b82c4079afe7cd32d2cf58e12133') in 0.144455417 seconds
Number of updated asset objects reloaded before import = 0Number of asset objects unloaded after import = 1023

========================================================================
Received Import Request.
  Time since last request: 63.545054 seconds.
  path: Assets/Prefab/Dogplayer.prefab
  artifactKey: Guid(6f34ab5a16e964df18807c82bcc8b616) Importer(815301076,1909f56bfc062723c751e8b465ee728b)
Start importing Assets/Prefab/Dogplayer.prefab using Guid(6f34ab5a16e964df18807c82bcc8b616) Importer(815301076,1909f56bfc062723c751e8b465ee728b) (PreviewImporter) -> (artifact id: '3e6b9c2853e343c540569dd3763d0a9b') in 0.165013958 seconds
Number of updated asset objects reloaded before import = 0Number of asset objects unloaded after import = 1023

========================================================================
Received Import Request.
  Time since last request: 2.340039 seconds.
  path: Assets/Prefab/Dogplayer.prefab
  artifactKey: Guid(6f34ab5a16e964df18807c82bcc8b616) Importer(815301076,1909f56bfc062723c751e8b465ee728b)
Start importing Assets/Prefab/Dogplayer.prefab using Guid(6f34ab5a16e964df18807c82bcc8b616) Importer(815301076,1909f56bfc062723c751e8b465ee728b) (PreviewImporter) -> (artifact id: '75ef824e6afa7a95c277924e1113ca17') in 0.109205375 seconds
Number of updated asset objects reloaded before import = 0Number of asset objects unloaded after import = 1023

========================================================================
Received Import Request.
  Time since last request: 1.280677 seconds.
  path: Assets/Prefab/Dogplayer.prefab
  artifactKey: Guid(6f34ab5a16e964df18807c82bcc8b616) Importer(815301076,1909f56bfc062723c751e8b465ee728b)
Start importing Assets/Prefab/Dogplayer.prefab using Guid(6f34ab5a16e964df18807c82bcc8b616) Importer(815301076,1909f56bfc062723c751e8b465ee728b) (PreviewImporter) -> (artifact id: 'edb07d5eb30813129d504b441c2478f6') in 0.101765875 seconds
Number of updated asset objects reloaded before import = 0Number of asset objects unloaded after import = 1023

========================================================================
Received Import Request.
  Time since last request: 348.737254 seconds.
  path: Assets/Prefab/Dogplayer.prefab
  artifactKey: Guid(6f34ab5a16e964df18807c82bcc8b616) Importer(815301076,1909f56bfc062723c751e8b465ee728b)
Start importing Assets/Prefab/Dogplayer.prefab using Guid(6f34ab5a16e964df18807c82bcc8b616) Importer(815301076,1909f56bfc062723c751e8b465ee728b) (PreviewImporter) -> (artifact id: '212cc484c082e6e581ce1d556a264ee8') in 0.2109655 seconds
Number of updated asset objects reloaded before import = 0Number of asset objects unloaded after import = 1023

========================================================================
Received Import Request.
  Time since last request: 8.341192 seconds.
  path: Assets/Prefab/Dogplayer.prefab
  artifactKey: Guid(6f34ab5a16e964df18807c82bcc8b616) Importer(815301076,1909f56bfc062723c751e8b465ee728b)
Start importing Assets/Prefab/Dogplayer.prefab using Guid(6f34ab5a16e964df18807c82bcc8b616) Importer(815301076,1909f56bfc062723c751e8b465ee728b) (PreviewImporter) -> (artifact id: '4047f4edd01abccf26ad99ea92d36975') in 0.161813 seconds
Number of updated asset objects reloaded before import = 0Number of asset objects unloaded after import = 1023

========================================================================
Received Import Request.
  Time since last request: 11.477088 seconds.
  path: Assets/Prefab/Dogplayer.prefab
  artifactKey: Guid(6f34ab5a16e964df18807c82bcc8b616) Importer(815301076,1909f56bfc062723c751e8b465ee728b)
Start importing Assets/Prefab/Dogplayer.prefab using Guid(6f34ab5a16e964df18807c82bcc8b616) Importer(815301076,1909f56bfc062723c751e8b465ee728b) (PreviewImporter) -> (artifact id: '273250b84b013e70620b61642bdd927e') in 0.185347417 seconds
Number of updated asset objects reloaded before import = 0Number of asset objects unloaded after import = 1023

========================================================================
Received Import Request.
  Time since last request: 30.662118 seconds.
  path: Assets/Prefab/Dogplayer.prefab
  artifactKey: Guid(6f34ab5a16e964df18807c82bcc8b616) Importer(815301076,1909f56bfc062723c751e8b465ee728b)
Start importing Assets/Prefab/Dogplayer.prefab using Guid(6f34ab5a16e964df18807c82bcc8b616) Importer(815301076,1909f56bfc062723c751e8b465ee728b) (PreviewImporter) -> (artifact id: '1943797088d4d0446c0ad1b8235a2624') in 0.166778542 seconds
Number of updated asset objects reloaded before import = 0Number of asset objects unloaded after import = 1023

========================================================================
Received Import Request.
  Time since last request: 0.680125 seconds.
  path: Assets/Prefab/Dogplayer.prefab
  artifactKey: Guid(6f34ab5a16e964df18807c82bcc8b616) Importer(815301076,1909f56bfc062723c751e8b465ee728b)
Start importing Assets/Prefab/Dogplayer.prefab using Guid(6f34ab5a16e964df18807c82bcc8b616) Importer(815301076,1909f56bfc062723c751e8b465ee728b) (PreviewImporter) -> (artifact id: 'e92de4e893c5c3aeebe8775f8094c079') in 0.098109917 seconds
Number of updated asset objects reloaded before import = 0Number of asset objects unloaded after import = 1023

========================================================================
Received Import Request.
  Time since last request: 19.476823 seconds.
  path: Assets/Prefab/Dogplayer.prefab
  artifactKey: Guid(6f34ab5a16e964df18807c82bcc8b616) Importer(815301076,1909f56bfc062723c751e8b465ee728b)
Start importing Assets/Prefab/Dogplayer.prefab using Guid(6f34ab5a16e964df18807c82bcc8b616) Importer(815301076,1909f56bfc062723c751e8b465ee728b) (PreviewImporter) -> (artifact id: 'd2aec11f0e46c3217c7a45734cc2ec55') in 0.181118958 seconds
Number of updated asset objects reloaded before import = 0Number of asset objects unloaded after import = 1023

========================================================================
Received Import Request.
  Time since last request: 12.711336 seconds.
  path: Assets/Prefab/Dogplayer.prefab
  artifactKey: Guid(6f34ab5a16e964df18807c82bcc8b616) Importer(815301076,1909f56bfc062723c751e8b465ee728b)
Start importing Assets/Prefab/Dogplayer.prefab using Guid(6f34ab5a16e964df18807c82bcc8b616) Importer(815301076,1909f56bfc062723c751e8b465ee728b) (PreviewImporter) -> (artifact id: '5378626a4ce7c1680aed8ca1df4b88ea') in 0.170789917 seconds
Number of updated asset objects reloaded before import = 0Number of asset objects unloaded after import = 1023

========================================================================
Received Prepare
Assembly reference Packages/com.unity.cinemachine/Editor/Samples/ExposeHDRPInternals/HDRP-Editor-ref.asmref has no target assembly definition
Assembly reference Packages/com.unity.cinemachine/Editor/Samples/ExposeHDRPInternals/HDRP-Editor-ref.asmref has no target assembly definition
Begin MonoManager ReloadAssembly
[Licensing::Client] Successfully resolved entitlement details
Thread 0x16d023000 may have been prematurely finalized
Symbol file LoadedFromMemory is not a mono symbol file
- Loaded All Assemblies, in  2.031 seconds
Assembly reference Packages/com.unity.cinemachine/Editor/Samples/ExposeHDRPInternals/HDRP-Editor-ref.asmref has no target assembly definition
'Packages/com.unity.cinemachine/Editor/Obsolete/CinemachineVirtualCameraBaseEditor.cs' contains partial class of Unity.Object, exactly 1 of the partial classes needs to be in a file with the same filename. This is to know the one that can be referenced from ie. GameObjects
'Packages/com.unity.cinemachine/Editor/Editors/CinemachineVirtualCameraBaseEditor.cs' contains partial class of Unity.Object, exactly 1 of the partial classes needs to be in a file with the same filename. This is to know the one that can be referenced from ie. GameObjects
Refreshing native plugins compatible for Editor in 4.33 ms, found 2 plugins.
Native extension for OSXStandalone target not found
Assembly reference Packages/com.unity.cinemachine/Editor/Samples/ExposeHDRPInternals/HDRP-Editor-ref.asmref has no target assembly definition
[Package Manager] Failed to launch server process. Reason: Unity was launched with the -noUpm command-line argument
[Package Manager] Unable to send message (not connected to server process).
[Package Manager] Cannot connect to Unity Package Manager local server
[Package Manager] Failed to launch server process. Reason: Unity was launched with the -noUpm command-line argument
[Package Manager] Unable to send message (not connected to server process).
[Package Manager] Cannot connect to Unity Package Manager local server
[Package Manager] Failed to launch server process. Reason: Unity was launched with the -noUpm command-line argument
[Package Manager] Unable to send message (not connected to server process).
[Package Manager] Cannot connect to Unity Package Manager local server
Refreshing native plugins compatible for Editor in 1.48 ms, found 2 plugins.
Mono: successfully reloaded assembly
- Finished resetting the current domain, in  0.828 seconds
Domain Reload Profiling: 2866ms
	BeginReloadAssembly (845ms)
		ExecutionOrderSort (1ms)
		DisableScriptedObjects (124ms)
		BackupInstance (0ms)
		ReleaseScriptingObjects (3ms)
		CreateAndSetChildDomain (231ms)
	RebuildCommonClasses (31ms)
	RebuildNativeTypeToScriptingClass (11ms)
	initialDomainReloadingComplete (43ms)
	LoadAllAssembliesAndSetupDomain (1107ms)
		LoadAssemblies (883ms)
		RebuildTransferFunctionScriptingTraits (0ms)
		AnalyzeDomain (371ms)
			TypeCache.Refresh (33ms)
				TypeCache.ScanAssembly (0ms)
			BuildScriptInfoCaches (320ms)
			ResolveRequiredComponents (11ms)
	FinalizeReload (829ms)
		ReleaseScriptCaches (0ms)
		RebuildScriptCaches (0ms)
		SetupLoadedEditorAssemblies (660ms)
			LogAssemblyErrors (0ms)
			InitializePlatformSupportModulesInManaged (8ms)
			SetLoadedEditorAssemblies (19ms)
			BeforeProcessingInitializeOnLoad (128ms)
			ProcessInitializeOnLoadAttributes (294ms)
			ProcessInitializeOnLoadMethodAttributes (210ms)
			AfterProcessingInitializeOnLoad (1ms)
			EditorAssembliesLoaded (1ms)
		ExecutionOrderSort2 (0ms)
		AwakeInstancesAfterBackupRestoration (9ms)
WARNING: Shader Unsupported: 'Universal Render Pipeline/VR/SpatialMapping/Wireframe' - All subshaders removed
WARNING: Shader Did you use #pragma only_renderers and omit this platform?
WARNING: Shader If subshaders removal was intentional, you may have forgotten turning Fallback off?
WARNING: Shader Unsupported: 'Universal Render Pipeline/VR/SpatialMapping/Wireframe' - All subshaders removed
WARNING: Shader Did you use #pragma only_renderers and omit this platform?
WARNING: Shader If subshaders removal was intentional, you may have forgotten turning Fallback off?
Refreshing native plugins compatible for Editor in 1.41 ms, found 2 plugins.
Preloading 0 native plugins for Editor in 0.00 ms.
Unloading 28 Unused Serialized files (Serialized files now loaded: 0)
Unloading 9452 unused Assets / (6.1 MB). Loaded Objects now: 10349.
Memory consumption went from 216.3 MB to 210.2 MB.
Total: 21.740709 ms (FindLiveObjects: 1.173375 ms CreateObjectMapping: 0.630583 ms MarkObjects: 16.405667 ms  DeleteObjects: 3.529958 ms)

Prepare: number of updated asset objects reloaded= 0
========================================================================
Received Import Request.
  Time since last request: 461.185630 seconds.
  path: Assets/StarterAssets/InputSystem/StarterAssets.inputactions
  artifactKey: Guid(4419d82f33d36e848b3ed5af4c8da37e) Importer(815301076,1909f56bfc062723c751e8b465ee728b)
Start importing Assets/StarterAssets/InputSystem/StarterAssets.inputactions using Guid(4419d82f33d36e848b3ed5af4c8da37e) Importer(815301076,1909f56bfc062723c751e8b465ee728b) (PreviewImporter) -> (artifact id: '61b49095d39a5e3e00b6d4d13aeba122') in 0.091489625 seconds
Number of updated asset objects reloaded before import = 0Number of asset objects unloaded after import = 5

========================================================================
Received Import Request.
  Time since last request: 0.000060 seconds.
  path: Assets/StarterAssets/InputSystem/StarterAssets.inputsettings.asset
  artifactKey: Guid(9e7be553448fa2546aea5752021cbcf7) Importer(815301076,1909f56bfc062723c751e8b465ee728b)
Start importing Assets/StarterAssets/InputSystem/StarterAssets.inputsettings.asset using Guid(9e7be553448fa2546aea5752021cbcf7) Importer(815301076,1909f56bfc062723c751e8b465ee728b) (PreviewImporter) -> (artifact id: '1ab45ee4fee52d301836bf96da558531') in 0.001188709 seconds
Number of updated asset objects reloaded before import = 0Number of asset objects unloaded after import = 1

========================================================================
Received Import Request.
  Time since last request: 68.690694 seconds.
  path: Assets/Prefab/Person.prefab
  artifactKey: Guid(13d8532fbf88a4b9f87cd12b04c50e6c) Importer(815301076,1909f56bfc062723c751e8b465ee728b)
Start importing Assets/Prefab/Person.prefab using Guid(13d8532fbf88a4b9f87cd12b04c50e6c) Importer(815301076,1909f56bfc062723c751e8b465ee728b) (PreviewImporter) -> (artifact id: '20b4f2d150f16000e5bfafa258a6c76b') in 1.154727208 seconds
Number of updated asset objects reloaded before import = 0Number of asset objects unloaded after import = 407

========================================================================
Received Import Request.
  Time since last request: 29.912898 seconds.
  path: Assets/Prefab/Person.prefab
  artifactKey: Guid(13d8532fbf88a4b9f87cd12b04c50e6c) Importer(815301076,1909f56bfc062723c751e8b465ee728b)
Start importing Assets/Prefab/Person.prefab using Guid(13d8532fbf88a4b9f87cd12b04c50e6c) Importer(815301076,1909f56bfc062723c751e8b465ee728b) (PreviewImporter) -> (artifact id: 'e969939a662886165a7f0a0c119e866f') in 0.480490167 seconds
Number of updated asset objects reloaded before import = 0Number of asset objects unloaded after import = 408

========================================================================
Received Import Request.
  Time since last request: 28.075907 seconds.
  path: Assets/Prefab/Person.prefab
  artifactKey: Guid(13d8532fbf88a4b9f87cd12b04c50e6c) Importer(815301076,1909f56bfc062723c751e8b465ee728b)
Start importing Assets/Prefab/Person.prefab using Guid(13d8532fbf88a4b9f87cd12b04c50e6c) Importer(815301076,1909f56bfc062723c751e8b465ee728b) (PreviewImporter) -> (artifact id: '88d8a997929861f6dbbc0e1b514f2d7d') in 0.450753291 seconds
Number of updated asset objects reloaded before import = 0Number of asset objects unloaded after import = 410

========================================================================
Received Import Request.
  Time since last request: 28.252376 seconds.
  path: Assets/Prefab/Person.prefab
  artifactKey: Guid(13d8532fbf88a4b9f87cd12b04c50e6c) Importer(815301076,1909f56bfc062723c751e8b465ee728b)
Start importing Assets/Prefab/Person.prefab using Guid(13d8532fbf88a4b9f87cd12b04c50e6c) Importer(815301076,1909f56bfc062723c751e8b465ee728b) (PreviewImporter) -> (artifact id: '0591cb3f48111ca82db84bdc1dfd9026') in 0.483929916 seconds
Number of updated asset objects reloaded before import = 0Number of asset objects unloaded after import = 412

========================================================================
Received Import Request.
  Time since last request: 5.275447 seconds.
  path: Assets/Prefab/Person.prefab
  artifactKey: Guid(13d8532fbf88a4b9f87cd12b04c50e6c) Importer(815301076,1909f56bfc062723c751e8b465ee728b)
Start importing Assets/Prefab/Person.prefab using Guid(13d8532fbf88a4b9f87cd12b04c50e6c) Importer(815301076,1909f56bfc062723c751e8b465ee728b) (PreviewImporter) -> (artifact id: '2a9115e24d748b9d75c1925c8ab2bd64') in 0.322798542 seconds
Number of updated asset objects reloaded before import = 0Number of asset objects unloaded after import = 411

========================================================================
Received Import Request.
  Time since last request: 60.921333 seconds.
  path: Assets/Prefab/Person.prefab
  artifactKey: Guid(13d8532fbf88a4b9f87cd12b04c50e6c) Importer(815301076,1909f56bfc062723c751e8b465ee728b)
Start importing Assets/Prefab/Person.prefab using Guid(13d8532fbf88a4b9f87cd12b04c50e6c) Importer(815301076,1909f56bfc062723c751e8b465ee728b) (PreviewImporter) -> (artifact id: '28b7b6ce300ccdd97b7bec1a11aa4660') in 0.432755334 seconds
Number of updated asset objects reloaded before import = 0Number of asset objects unloaded after import = 411

========================================================================
Received Import Request.
  Time since last request: 1.811243 seconds.
  path: Assets/Prefab/Person.prefab
  artifactKey: Guid(13d8532fbf88a4b9f87cd12b04c50e6c) Importer(815301076,1909f56bfc062723c751e8b465ee728b)
Start importing Assets/Prefab/Person.prefab using Guid(13d8532fbf88a4b9f87cd12b04c50e6c) Importer(815301076,1909f56bfc062723c751e8b465ee728b) (PreviewImporter) -> (artifact id: '663f1263f749ddfcbac9ecbee0c809bc') in 0.213622958 seconds
Number of updated asset objects reloaded before import = 0Number of asset objects unloaded after import = 411

========================================================================
Received Prepare
Assembly reference Packages/com.unity.cinemachine/Editor/Samples/ExposeHDRPInternals/HDRP-Editor-ref.asmref has no target assembly definition
Assembly reference Packages/com.unity.cinemachine/Editor/Samples/ExposeHDRPInternals/HDRP-Editor-ref.asmref has no target assembly definition
Begin MonoManager ReloadAssembly
[Licensing::Client] Successfully resolved entitlement details
Thread 0x16d023000 may have been prematurely finalized
Symbol file LoadedFromMemory is not a mono symbol file
- Loaded All Assemblies, in  2.282 seconds
Assembly reference Packages/com.unity.cinemachine/Editor/Samples/ExposeHDRPInternals/HDRP-Editor-ref.asmref has no target assembly definition
'Packages/com.unity.cinemachine/Editor/Obsolete/CinemachineVirtualCameraBaseEditor.cs' contains partial class of Unity.Object, exactly 1 of the partial classes needs to be in a file with the same filename. This is to know the one that can be referenced from ie. GameObjects
'Packages/com.unity.cinemachine/Editor/Editors/CinemachineVirtualCameraBaseEditor.cs' contains partial class of Unity.Object, exactly 1 of the partial classes needs to be in a file with the same filename. This is to know the one that can be referenced from ie. GameObjects
Refreshing native plugins compatible for Editor in 3.25 ms, found 2 plugins.
Native extension for OSXStandalone target not found
Assembly reference Packages/com.unity.cinemachine/Editor/Samples/ExposeHDRPInternals/HDRP-Editor-ref.asmref has no target assembly definition
[Package Manager] Failed to launch server process. Reason: Unity was launched with the -noUpm command-line argument
[Package Manager] Unable to send message (not connected to server process).
[Package Manager] Cannot connect to Unity Package Manager local server
[Package Manager] Failed to launch server process. Reason: Unity was launched with the -noUpm command-line argument
[Package Manager] Unable to send message (not connected to server process).
[Package Manager] Cannot connect to Unity Package Manager local server
[Package Manager] Failed to launch server process. Reason: Unity was launched with the -noUpm command-line argument
[Package Manager] Unable to send message (not connected to server process).
[Package Manager] Cannot connect to Unity Package Manager local server
Refreshing native plugins compatible for Editor in 1.13 ms, found 2 plugins.
Mono: successfully reloaded assembly
- Finished resetting the current domain, in  0.741 seconds
Domain Reload Profiling: 3033ms
	BeginReloadAssembly (930ms)
		ExecutionOrderSort (0ms)
		DisableScriptedObjects (104ms)
		BackupInstance (0ms)
		ReleaseScriptingObjects (2ms)
		CreateAndSetChildDomain (275ms)
	RebuildCommonClasses (28ms)
	RebuildNativeTypeToScriptingClass (10ms)
	initialDomainReloadingComplete (36ms)
	LoadAllAssembliesAndSetupDomain (1288ms)
		LoadAssemblies (1011ms)
		RebuildTransferFunctionScriptingTraits (0ms)
		AnalyzeDomain (509ms)
			TypeCache.Refresh (73ms)
				TypeCache.ScanAssembly (0ms)
			BuildScriptInfoCaches (420ms)
			ResolveRequiredComponents (12ms)
	FinalizeReload (742ms)
		ReleaseScriptCaches (0ms)
		RebuildScriptCaches (0ms)
		SetupLoadedEditorAssemblies (622ms)
			LogAssemblyErrors (0ms)
			InitializePlatformSupportModulesInManaged (1ms)
			SetLoadedEditorAssemblies (4ms)
			BeforeProcessingInitializeOnLoad (124ms)
			ProcessInitializeOnLoadAttributes (315ms)
			ProcessInitializeOnLoadMethodAttributes (177ms)
			AfterProcessingInitializeOnLoad (1ms)
			EditorAssembliesLoaded (0ms)
		ExecutionOrderSort2 (0ms)
		AwakeInstancesAfterBackupRestoration (7ms)
WARNING: Shader Unsupported: 'Universal Render Pipeline/VR/SpatialMapping/Wireframe' - All subshaders removed
WARNING: Shader Did you use #pragma only_renderers and omit this platform?
WARNING: Shader If subshaders removal was intentional, you may have forgotten turning Fallback off?
WARNING: Shader Unsupported: 'Universal Render Pipeline/VR/SpatialMapping/Wireframe' - All subshaders removed
WARNING: Shader Did you use #pragma only_renderers and omit this platform?
WARNING: Shader If subshaders removal was intentional, you may have forgotten turning Fallback off?
Refreshing native plugins compatible for Editor in 1.27 ms, found 2 plugins.
Preloading 0 native plugins for Editor in 0.00 ms.
Unloading 28 Unused Serialized files (Serialized files now loaded: 0)
Unloading 9451 unused Assets / (7.6 MB). Loaded Objects now: 10373.
Memory consumption went from 216.2 MB to 208.6 MB.
Total: 14.304250 ms (FindLiveObjects: 2.915542 ms CreateObjectMapping: 0.375375 ms MarkObjects: 5.990334 ms  DeleteObjects: 5.022542 ms)

Prepare: number of updated asset objects reloaded= 0
========================================================================
Received Import Request.
  Time since last request: 192.632648 seconds.
  path: Assets/Prefab/Person.prefab
  artifactKey: Guid(13d8532fbf88a4b9f87cd12b04c50e6c) Importer(815301076,1909f56bfc062723c751e8b465ee728b)
Start importing Assets/Prefab/Person.prefab using Guid(13d8532fbf88a4b9f87cd12b04c50e6c) Importer(815301076,1909f56bfc062723c751e8b465ee728b) (PreviewImporter) -> (artifact id: '44796ed9f17a7dc731a307e4ea7cef9e') in 0.793981667 seconds
Number of updated asset objects reloaded before import = 0Number of asset objects unloaded after import = 420

========================================================================
Received Import Request.
  Time since last request: 4.969101 seconds.
  path: Assets/Prefab/Person.prefab
  artifactKey: Guid(13d8532fbf88a4b9f87cd12b04c50e6c) Importer(815301076,1909f56bfc062723c751e8b465ee728b)
Start importing Assets/Prefab/Person.prefab using Guid(13d8532fbf88a4b9f87cd12b04c50e6c) Importer(815301076,1909f56bfc062723c751e8b465ee728b) (PreviewImporter) -> (artifact id: 'c28b11544984275b3db73c5f0c260010') in 0.243409208 seconds
Number of updated asset objects reloaded before import = 0Number of asset objects unloaded after import = 411

========================================================================
Received Import Request.
  Time since last request: 4.726577 seconds.
  path: Assets/Prefab/Person.prefab
  artifactKey: Guid(13d8532fbf88a4b9f87cd12b04c50e6c) Importer(815301076,1909f56bfc062723c751e8b465ee728b)
Start importing Assets/Prefab/Person.prefab using Guid(13d8532fbf88a4b9f87cd12b04c50e6c) Importer(815301076,1909f56bfc062723c751e8b465ee728b) (PreviewImporter) -> (artifact id: 'ae167b5cbe2f0c82ce09c97d1aa3ea95') in 0.292481792 seconds
Number of updated asset objects reloaded before import = 0Number of asset objects unloaded after import = 420

========================================================================
Received Prepare
Assembly reference Packages/com.unity.cinemachine/Editor/Samples/ExposeHDRPInternals/HDRP-Editor-ref.asmref has no target assembly definition
Assembly reference Packages/com.unity.cinemachine/Editor/Samples/ExposeHDRPInternals/HDRP-Editor-ref.asmref has no target assembly definition
Begin MonoManager ReloadAssembly
[Licensing::Client] Successfully resolved entitlement details
Thread 0x16d023000 may have been prematurely finalized
Symbol file LoadedFromMemory is not a mono symbol file
- Loaded All Assemblies, in  2.347 seconds
Assembly reference Packages/com.unity.cinemachine/Editor/Samples/ExposeHDRPInternals/HDRP-Editor-ref.asmref has no target assembly definition
'Packages/com.unity.cinemachine/Editor/Obsolete/CinemachineVirtualCameraBaseEditor.cs' contains partial class of Unity.Object, exactly 1 of the partial classes needs to be in a file with the same filename. This is to know the one that can be referenced from ie. GameObjects
'Packages/com.unity.cinemachine/Editor/Editors/CinemachineVirtualCameraBaseEditor.cs' contains partial class of Unity.Object, exactly 1 of the partial classes needs to be in a file with the same filename. This is to know the one that can be referenced from ie. GameObjects
Refreshing native plugins compatible for Editor in 0.96 ms, found 2 plugins.
Native extension for OSXStandalone target not found
Assembly reference Packages/com.unity.cinemachine/Editor/Samples/ExposeHDRPInternals/HDRP-Editor-ref.asmref has no target assembly definition
[Package Manager] Failed to launch server process. Reason: Unity was launched with the -noUpm command-line argument
[Package Manager] Unable to send message (not connected to server process).
[Package Manager] Cannot connect to Unity Package Manager local server
[Package Manager] Failed to launch server process. Reason: Unity was launched with the -noUpm command-line argument
[Package Manager] Unable to send message (not connected to server process).
[Package Manager] Cannot connect to Unity Package Manager local server
[Package Manager] Failed to launch server process. Reason: Unity was launched with the -noUpm command-line argument
[Package Manager] Unable to send message (not connected to server process).
[Package Manager] Cannot connect to Unity Package Manager local server
Refreshing native plugins compatible for Editor in 1.56 ms, found 2 plugins.
Mono: successfully reloaded assembly
- Finished resetting the current domain, in  0.741 seconds
Domain Reload Profiling: 3096ms
	BeginReloadAssembly (1313ms)
		ExecutionOrderSort (8ms)
		DisableScriptedObjects (237ms)
		BackupInstance (0ms)
		ReleaseScriptingObjects (3ms)
		CreateAndSetChildDomain (379ms)
	RebuildCommonClasses (26ms)
	RebuildNativeTypeToScriptingClass (10ms)
	initialDomainReloadingComplete (43ms)
	LoadAllAssembliesAndSetupDomain (963ms)
		LoadAssemblies (894ms)
		RebuildTransferFunctionScriptingTraits (0ms)
		AnalyzeDomain (292ms)
			TypeCache.Refresh (47ms)
				TypeCache.ScanAssembly (2ms)
			BuildScriptInfoCaches (230ms)
			ResolveRequiredComponents (10ms)
	FinalizeReload (741ms)
		ReleaseScriptCaches (0ms)
		RebuildScriptCaches (0ms)
		SetupLoadedEditorAssemblies (607ms)
			LogAssemblyErrors (0ms)
			InitializePlatformSupportModulesInManaged (1ms)
			SetLoadedEditorAssemblies (5ms)
			BeforeProcessingInitializeOnLoad (126ms)
			ProcessInitializeOnLoadAttributes (278ms)
			ProcessInitializeOnLoadMethodAttributes (195ms)
			AfterProcessingInitializeOnLoad (1ms)
			EditorAssembliesLoaded (1ms)
		ExecutionOrderSort2 (0ms)
		AwakeInstancesAfterBackupRestoration (8ms)
WARNING: Shader Unsupported: 'Universal Render Pipeline/VR/SpatialMapping/Wireframe' - All subshaders removed
WARNING: Shader Did you use #pragma only_renderers and omit this platform?
WARNING: Shader If subshaders removal was intentional, you may have forgotten turning Fallback off?
WARNING: Shader Unsupported: 'Universal Render Pipeline/VR/SpatialMapping/Wireframe' - All subshaders removed
WARNING: Shader Did you use #pragma only_renderers and omit this platform?
WARNING: Shader If subshaders removal was intentional, you may have forgotten turning Fallback off?
Refreshing native plugins compatible for Editor in 0.92 ms, found 2 plugins.
Preloading 0 native plugins for Editor in 0.00 ms.
Unloading 28 Unused Serialized files (Serialized files now loaded: 0)
Unloading 9451 unused Assets / (12.6 MB). Loaded Objects now: 10397.
Memory consumption went from 216.1 MB to 203.6 MB.
Total: 12.876125 ms (FindLiveObjects: 0.669041 ms CreateObjectMapping: 0.307042 ms MarkObjects: 5.613041 ms  DeleteObjects: 6.286291 ms)

Prepare: number of updated asset objects reloaded= 0
========================================================================
Received Import Request.
  Time since last request: 1087.166319 seconds.
  path: Assets/Prefab/Person.prefab
  artifactKey: Guid(13d8532fbf88a4b9f87cd12b04c50e6c) Importer(815301076,1909f56bfc062723c751e8b465ee728b)
Start importing Assets/Prefab/Person.prefab using Guid(13d8532fbf88a4b9f87cd12b04c50e6c) Importer(815301076,1909f56bfc062723c751e8b465ee728b) (PreviewImporter) -> (artifact id: '1c8c1136d9e3fd3b8562cfc6510ab5cd') in 0.714323292 seconds
Number of updated asset objects reloaded before import = 0Number of asset objects unloaded after import = 411

========================================================================
Received Import Request.
  Time since last request: 0.000185 seconds.
  path: Assets/Prefab/Dogplayer.prefab
  artifactKey: Guid(6f34ab5a16e964df18807c82bcc8b616) Importer(815301076,1909f56bfc062723c751e8b465ee728b)
Start importing Assets/Prefab/Dogplayer.prefab using Guid(6f34ab5a16e964df18807c82bcc8b616) Importer(815301076,1909f56bfc062723c751e8b465ee728b) (PreviewImporter) -> (artifact id: '407cc0ececf1fac0a16d35c597d1e912') in 0.227787292 seconds
Number of updated asset objects reloaded before import = 0Number of asset objects unloaded after import = 1023

========================================================================
Received Prepare
Assembly reference Packages/com.unity.cinemachine/Editor/Samples/ExposeHDRPInternals/HDRP-Editor-ref.asmref has no target assembly definition
Assembly reference Packages/com.unity.cinemachine/Editor/Samples/ExposeHDRPInternals/HDRP-Editor-ref.asmref has no target assembly definition
Begin MonoManager ReloadAssembly
[Licensing::Client] Successfully resolved entitlement details
Thread 0x16d023000 may have been prematurely finalized
Symbol file LoadedFromMemory is not a mono symbol file
- Loaded All Assemblies, in  2.986 seconds
Assembly reference Packages/com.unity.cinemachine/Editor/Samples/ExposeHDRPInternals/HDRP-Editor-ref.asmref has no target assembly definition
'Packages/com.unity.cinemachine/Editor/Obsolete/CinemachineVirtualCameraBaseEditor.cs' contains partial class of Unity.Object, exactly 1 of the partial classes needs to be in a file with the same filename. This is to know the one that can be referenced from ie. GameObjects
'Packages/com.unity.cinemachine/Editor/Editors/CinemachineVirtualCameraBaseEditor.cs' contains partial class of Unity.Object, exactly 1 of the partial classes needs to be in a file with the same filename. This is to know the one that can be referenced from ie. GameObjects
Refreshing native plugins compatible for Editor in 5.06 ms, found 2 plugins.
Native extension for OSXStandalone target not found
Assembly reference Packages/com.unity.cinemachine/Editor/Samples/ExposeHDRPInternals/HDRP-Editor-ref.asmref has no target assembly definition
[Package Manager] Failed to launch server process. Reason: Unity was launched with the -noUpm command-line argument
[Package Manager] Unable to send message (not connected to server process).
[Package Manager] Cannot connect to Unity Package Manager local server
[Package Manager] Failed to launch server process. Reason: Unity was launched with the -noUpm command-line argument
[Package Manager] Unable to send message (not connected to server process).
[Package Manager] Cannot connect to Unity Package Manager local server
[Package Manager] Failed to launch server process. Reason: Unity was launched with the -noUpm command-line argument
[Package Manager] Unable to send message (not connected to server process).
[Package Manager] Cannot connect to Unity Package Manager local server
Refreshing native plugins compatible for Editor in 1.44 ms, found 2 plugins.
Mono: successfully reloaded assembly
- Finished resetting the current domain, in  1.131 seconds
Domain Reload Profiling: 4132ms
	BeginReloadAssembly (1018ms)
		ExecutionOrderSort (4ms)
		DisableScriptedObjects (221ms)
		BackupInstance (0ms)
		ReleaseScriptingObjects (2ms)
		CreateAndSetChildDomain (202ms)
	RebuildCommonClasses (30ms)
	RebuildNativeTypeToScriptingClass (11ms)
	initialDomainReloadingComplete (42ms)
	LoadAllAssembliesAndSetupDomain (1899ms)
		LoadAssemblies (1459ms)
		RebuildTransferFunctionScriptingTraits (0ms)
		AnalyzeDomain (687ms)
			TypeCache.Refresh (95ms)
				TypeCache.ScanAssembly (0ms)
			BuildScriptInfoCaches (563ms)
			ResolveRequiredComponents (16ms)
	FinalizeReload (1131ms)
		ReleaseScriptCaches (0ms)
		RebuildScriptCaches (0ms)
		SetupLoadedEditorAssemblies (959ms)
			LogAssemblyErrors (0ms)
			InitializePlatformSupportModulesInManaged (2ms)
			SetLoadedEditorAssemblies (7ms)
			BeforeProcessingInitializeOnLoad (144ms)
			ProcessInitializeOnLoadAttributes (367ms)
			ProcessInitializeOnLoadMethodAttributes (436ms)
			AfterProcessingInitializeOnLoad (1ms)
			EditorAssembliesLoaded (1ms)
		ExecutionOrderSort2 (0ms)
		AwakeInstancesAfterBackupRestoration (10ms)
WARNING: Shader Unsupported: 'Universal Render Pipeline/VR/SpatialMapping/Wireframe' - All subshaders removed
WARNING: Shader Did you use #pragma only_renderers and omit this platform?
WARNING: Shader If subshaders removal was intentional, you may have forgotten turning Fallback off?
WARNING: Shader Unsupported: 'Universal Render Pipeline/VR/SpatialMapping/Wireframe' - All subshaders removed
WARNING: Shader Did you use #pragma only_renderers and omit this platform?
WARNING: Shader If subshaders removal was intentional, you may have forgotten turning Fallback off?
Refreshing native plugins compatible for Editor in 1.01 ms, found 2 plugins.
Preloading 0 native plugins for Editor in 0.00 ms.
Unloading 28 Unused Serialized files (Serialized files now loaded: 0)
Unloading 9452 unused Assets / (8.3 MB). Loaded Objects now: 10421.
Memory consumption went from 216.0 MB to 207.7 MB.
Total: 13.104292 ms (FindLiveObjects: 0.632709 ms CreateObjectMapping: 0.288959 ms MarkObjects: 7.047291 ms  DeleteObjects: 5.134375 ms)

Prepare: number of updated asset objects reloaded= 0
AssetImportWorkerClient::OnTransportError - code=2 error=End of file
